NAME,PLAYERID,TEAM_1,TEAM_2,WINS,LOSSES,SAVES,GAMES_PITCHED,GAMES_STARTED,INNINGS_PITCHED,STRIKEOUTS_PER_NINE_INNINGS,WALKS_PER_NINE_INNINGS,HOME_RUNS_PER_NINE_INNINGS,BABIP,LEFT_ON_BASE_PERCENT,GROUND_BALL_PERCENT,HOME_RUN_TO_FLY_BALL,EARNED_RUN_AVERAGE,FIELDING_INDEPENDENT_PITCHING,EXPECTED_FIELDING_INDEPENDENT_PITCHING,WINS_ABOVE_REPLACEMENT
Chris Sale,10603,BOS,NULL,17,8,0,32,32,214.1,12.93,1.81,1.01,0.301,78.4 %,38.7 %,12.1 %,2.9,2.45,2.65,7.7
Corey Kluber,2429,CLE,NULL,18,4,0,29,29,203.2,11.71,1.59,0.93,0.267,82.6 %,44.5 %,13.5 %,2.25,2.5,2.52,7.3
Max Scherzer,3137,WSH,NULL,16,6,0,31,31,200.2,12.02,2.47,0.99,0.245,80.7 %,36.5 %,10.8 %,2.51,2.9,3.28,6.1
Luis Severino,15890,NYY,NULL,14,6,0,31,31,193.1,10.71,2.37,0.98,0.272,75.5 %,50.6 %,14.0 %,2.98,3.07,3.04,5.8
Stephen Strasburg,10131,WSH,NULL,15,4,0,28,28,175.1,10.47,2.41,0.67,0.274,77.9 %,46.8 %,8.7 %,2.52,2.72,3.27,5.7
Carlos Carrasco,6632,CLE,NULL,18,6,0,32,32,200,10.17,2.07,0.95,0.307,78.2 %,45.2 %,12.4 %,3.29,3.1,3.24,5.5
Zack Greinke,1943,ARI,NULL,17,7,0,32,32,202.1,9.56,2,1.11,0.285,75.3 %,46.8 %,13.4 %,3.2,3.31,3.34,5.1
Jimmy Nelson,10547,MIL,NULL,12,6,0,29,29,175.1,10.21,2.46,0.82,0.34,74.4 %,50.3 %,12.6 %,3.49,3.05,3.15,4.8
Clayton Kershaw,2036,LAD,NULL,18,4,0,27,27,175,10.39,1.54,1.18,0.267,87.4 %,47.9 %,15.9 %,2.31,3.07,2.84,4.6
James Paxton,11828,SEA,NULL,12,5,0,24,24,136,10.32,2.45,0.6,0.3,75.5 %,44.9 %,7.8 %,2.98,2.61,3.25,4.6
Chris Archer,6345,TBA,NULL,10,12,0,34,34,201,11.15,2.69,1.21,0.325,71.3 %,42.0 %,14.1 %,4.07,3.4,3.35,4.5
Jacob deGrom,10954,NYM,NULL,15,10,0,31,31,201.1,10.68,2.64,1.25,0.305,76.3 %,45.3 %,16.1 %,3.53,3.5,3.23,4.3
Aaron Nola,16149,PHI,NULL,12,11,0,27,27,168,9.86,2.63,0.96,0.309,76.8 %,49.8 %,12.7 %,3.54,3.27,3.38,4.2
Justin Verlander,8700,- - -,NULL,15,8,0,33,33,206,9.57,3.15,1.18,0.271,79.7 %,33.5 %,11.5 %,3.36,3.84,4.17,4.1
Jose Quintana,11423,- - -,NULL,11,11,0,32,32,188.2,9.87,2.91,1.1,0.301,71.4 %,44.8 %,13.2 %,4.15,3.68,3.73,3.9
Jeff Samardzija,3254,SFN,NULL,9,15,0,32,32,207.2,8.88,1.39,1.3,0.303,67.5 %,41.5 %,13.8 %,4.42,3.61,3.6,3.8
Yu Darvish,13074,- - -,NULL,10,12,0,31,31,186.2,10.08,2.8,1.3,0.283,75.6 %,40.7 %,15.1 %,3.86,3.83,3.65,3.7
Kenley Jansen,3096,LAD,NULL,5,0,41,65,0,68.1,14.36,0.92,0.66,0.289,91.3 %,38.4 %,8.9 %,1.32,1.31,1.82,3.6
Zack Godley,14862,ARI,NULL,8,9,0,26,25,155,9.58,3.08,0.87,0.28,75.2 %,55.3 %,14.7 %,3.37,3.41,3.32,3.5
Michael Fulmer,13218,DET,NULL,10,12,0,25,25,164.2,6.23,2.19,0.71,0.273,65.6 %,49.2 %,8.8 %,3.83,3.67,4.24,3.5
Alex Wood,13781,LAD,NULL,16,3,0,27,25,152.1,8.92,2.25,0.89,0.267,80.1 %,53.0 %,13.5 %,2.72,3.32,3.34,3.5
Danny Duffy,3542,KCA,NULL,9,10,0,24,24,146.1,8,2.52,0.8,0.309,71.3 %,39.5 %,7.6 %,3.81,3.46,4.39,3.5
Gio Gonzalez,7448,WSH,NULL,15,9,0,32,32,201,8.42,3.54,0.94,0.258,81.6 %,45.8 %,11.1 %,2.96,3.93,4.24,3.4
Brad Peacock,5401,HOU,NULL,13,2,0,34,21,132,10.98,3.89,0.68,0.286,78.1 %,43.7 %,8.2 %,3,3.07,3.73,3.4
Marcus Stroman,13431,TOR,NULL,13,9,0,33,33,201,7.34,2.78,0.94,0.31,78.1 %,62.1 %,17.8 %,3.09,3.9,3.58,3.3
Carlos Martinez,11682,STL,NULL,12,11,0,32,32,205,9.53,3.12,1.19,0.284,74.9 %,51.3 %,16.4 %,3.64,3.91,3.63,3.3
Craig Kimbrel,6655,BOS,NULL,5,0,35,67,0,69,16.43,1.83,0.78,0.26,93.9 %,37.0 %,12.8 %,1.43,1.42,1.5,3.3
Trevor Bauer,12703,CLE,NULL,17,9,0,32,31,176.1,10,3.06,1.28,0.337,76.8 %,46.4 %,16.1 %,4.19,3.88,3.6,3.2
Michael Wacha,14078,STL,NULL,12,9,0,30,30,165.2,8.58,2.99,0.92,0.327,71.5 %,48.0 %,11.6 %,4.13,3.63,3.88,3.2
Charlie Morton,4676,HOU,NULL,14,7,0,25,25,146.2,10,3.07,0.86,0.294,73.0 %,51.8 %,12.5 %,3.62,3.46,3.58,3.2
Robbie Ray,11486,ARI,NULL,15,5,0,28,28,162,12.11,3.94,1.28,0.267,84.5 %,40.3 %,15.6 %,2.89,3.72,3.49,3.2
Drew Pomeranz,11426,BOS,NULL,17,6,0,32,32,173.2,9.02,3.58,0.98,0.31,80.0 %,43.2 %,11.2 %,3.32,3.84,4.15,3.2
Jon Gray,14916,COL,NULL,10,4,0,20,20,110.1,9.14,2.45,0.82,0.336,74.8 %,48.9 %,11.1 %,3.67,3.18,3.45,3.2
Chase Anderson,6895,MIL,NULL,12,4,0,25,25,141.1,8.47,2.61,0.89,0.265,80.6 %,39.2 %,8.6 %,2.74,3.58,4.33,3.2
Gerrit Cole,13125,PIT,NULL,12,12,0,33,33,203,8.69,2.44,1.37,0.298,74.6 %,45.8 %,15.9 %,4.26,4.08,3.81,3.1
Mike Leake,10130,- - -,NULL,10,13,0,31,31,186,6.29,1.79,0.97,0.309,70.3 %,53.7 %,13.6 %,3.92,3.9,3.91,3.1
Patrick Corbin,9323,ARI,NULL,14,13,0,33,32,189.2,8.45,2.89,1.23,0.326,74.3 %,50.4 %,15.3 %,4.03,4.08,3.89,3
Lance McCullers Jr.,14120,HOU,NULL,7,4,0,22,22,118.2,10.01,3.03,0.61,0.33,67.6 %,61.3 %,12.7 %,4.25,3.1,3.17,3
Jameson Taillon,11674,PIT,NULL,8,7,0,25,25,133.2,8.42,3.1,0.74,0.352,71.3 %,47.3 %,9.9 %,4.44,3.48,3.89,2.9
Roberto Osuna,13764,TOR,NULL,3,4,39,66,0,64,11.67,1.27,0.42,0.285,59.5 %,48.0 %,5.8 %,3.38,1.74,2.57,2.9
Ervin Santana,3200,MIN,NULL,16,8,0,33,33,211.1,7.11,2.6,1.32,0.245,79.5 %,41.2 %,11.8 %,3.28,4.46,4.77,2.9
Jose Berrios,14168,MIN,NULL,14,8,0,26,25,145.2,8.59,2.97,0.93,0.289,70.8 %,39.0 %,9.1 %,3.89,3.84,4.51,2.9
J.A. Happ,7410,TOR,NULL,10,11,0,25,25,145.1,8.79,2.85,1.11,0.302,76.6 %,46.9 %,12.3 %,3.53,3.76,3.94,2.8
Sonny Gray,12768,- - -,NULL,10,12,0,27,27,162.1,8.48,3.16,1.05,0.269,69.6 %,52.8 %,15.1 %,3.55,3.9,3.76,2.8
Masahiro Tanaka,15764,NYY,NULL,13,12,0,30,30,178.1,9.79,2.07,1.77,0.305,71.5 %,49.2 %,21.2 %,4.74,4.34,3.44,2.8
Jordan Montgomery,16511,NYY,NULL,9,7,0,29,29,155.1,8.34,2.95,1.22,0.275,73.8 %,40.7 %,11.2 %,3.88,4.07,4.45,2.8
Corey Knebel,15010,MIL,NULL,1,4,39,76,0,76,14.92,4.74,0.71,0.311,91.9 %,38.3 %,9.5 %,1.78,2.53,2.97,2.7
Zach Davies,13183,MIL,NULL,17,9,0,33,33,191.1,5.83,2.59,0.94,0.302,74.2 %,50.2 %,12.0 %,3.9,4.22,4.42,2.7
Dylan Bundy,12917,BAL,NULL,13,9,0,28,28,169.2,8.06,2.71,1.38,0.273,73.7 %,32.8 %,11.5 %,4.24,4.38,4.77,2.7
Jon Lester,4930,CHC,NULL,13,8,0,32,32,180.2,8.97,2.99,1.3,0.31,68.7 %,46.2 %,15.8 %,4.33,4.1,3.85,2.7
Rich Hill,4806,LAD,NULL,12,8,0,25,25,135.2,11.01,3.25,1.19,0.261,80.4 %,36.9 %,12.5 %,3.32,3.72,3.88,2.6
Marco Estrada,1118,TOR,NULL,10,9,0,33,33,186,8.52,3.44,1.5,0.295,71.9 %,30.3 %,11.2 %,4.98,4.61,5.09,2.5
Pat Neshek,4682,- - -,NULL,5,3,1,71,0,62.1,9.96,0.87,0.43,0.287,82.3 %,36.4 %,4.2 %,1.59,1.86,3.26,2.5
Taijuan Walker,11836,ARI,NULL,9,9,0,28,28,157.1,8.35,3.49,0.97,0.29,73.1 %,48.9 %,11.3 %,3.49,4.04,4.34,2.5
Tanner Roark,8753,WSH,NULL,13,11,0,32,30,181.1,8.24,3.18,1.14,0.3,66.3 %,48.2 %,13.5 %,4.67,4.13,4.15,2.5
Kevin Gausman,14107,BAL,NULL,11,12,0,34,34,186.2,8.63,3.42,1.4,0.336,76.0 %,42.7 %,14.8 %,4.68,4.48,4.33,2.5
Chad Green,15552,NYY,NULL,5,0,0,40,1,69,13.43,2.22,0.52,0.236,82.3 %,26.4 %,6.7 %,1.83,1.75,2.55,2.4
Dallas Keuchel,9434,HOU,NULL,14,5,0,23,23,145.2,7.72,2.9,0.93,0.256,79.9 %,66.8 %,21.1 %,2.9,3.79,3.32,2.4
Kyle Hendricks,12049,CHC,NULL,7,5,0,24,24,139.2,7.93,2.58,1.1,0.281,82.5 %,50.1 %,14.8 %,3.03,3.88,3.76,2.4
Jake Arrieta,4153,CHC,NULL,14,10,0,30,30,168.1,8.71,2.94,1.23,0.279,72.8 %,45.1 %,14.0 %,3.53,4.16,4.11,2.4
German Marquez,15038,COL,NULL,11,7,0,29,29,162,8.17,2.72,1.39,0.316,76.0 %,45.2 %,15.4 %,4.39,4.4,4.18,2.4
Jhoulys Chacin,2608,SDN,NULL,13,10,0,32,32,180.1,7.64,3.59,0.95,0.272,74.4 %,49.1 %,11.4 %,3.89,4.26,4.54,2.4
Brandon McCarthy,4662,LAD,NULL,6,4,0,19,16,92.2,6.99,2.62,0.49,0.303,67.9 %,42.0 %,5.4 %,3.98,3.28,4.34,2.4
Clayton Richard,3551,SDN,NULL,8,15,0,32,32,197.1,6.89,2.69,1.09,0.351,70.6 %,59.2 %,19.4 %,4.79,4.23,3.76,2.4
Andrew Miller,6785,CLE,NULL,4,3,2,57,0,62.2,13.64,3.02,0.43,0.233,87.1 %,39.5 %,7.0 %,1.44,1.99,2.59,2.3
Trevor Williams,16977,PIT,NULL,7,9,0,31,25,150.1,7,3.11,0.84,0.291,71.4 %,48.0 %,9.9 %,4.07,4.03,4.49,2.3
Alex Cobb,6562,TBA,NULL,12,10,0,29,29,179.1,6.42,2.21,1.1,0.282,75.7 %,47.8 %,13.0 %,3.66,4.16,4.24,2.3
Sean Manaea,15873,OAK,NULL,12,10,0,29,29,158.2,7.94,3.12,1.02,0.318,69.6 %,44.1 %,10.6 %,4.37,4.1,4.53,2.2
Danny Salazar,5867,CLE,NULL,5,6,0,23,19,103,12.67,3.84,1.22,0.343,74.1 %,39.2 %,16.1 %,4.28,3.48,3.21,2.2
Yusmeiro Petit,4020,LAA,NULL,5,2,4,60,1,91.1,9.95,1.77,0.89,0.267,74.3 %,32.9 %,8.0 %,2.76,2.85,3.77,2.2
Mike Clevinger,12808,CLE,NULL,12,6,0,27,21,121.2,10.13,4.44,0.96,0.273,79.7 %,39.5 %,11.9 %,3.11,3.85,4.05,2.2
Josh Tomlin,9388,CLE,NULL,10,9,0,26,26,141,6.96,0.89,1.47,0.329,68.5 %,39.6 %,13.7 %,4.98,4.12,4.11,2.2
Anthony Swarzak,7466,- - -,NULL,6,4,2,70,0,77.1,10.59,2.56,0.7,0.286,82.9 %,43.9 %,7.9 %,2.33,2.74,3.48,2.2
Eduardo Rodriguez,13164,BOS,NULL,6,7,0,25,24,137.1,9.83,3.28,1.25,0.299,74.5 %,34.9 %,11.8 %,4.19,3.97,4.26,2.2
Jason Hammel,4538,KCA,NULL,8,13,0,32,32,180.1,7.24,2.4,1.3,0.318,68.4 %,38.0 %,10.6 %,5.29,4.37,4.92,2.2
Felipe Vazquez,12076,PIT,NULL,5,3,21,73,0,75.1,10.51,2.39,0.48,0.234,79.5 %,52.9 %,7.5 %,1.67,2.47,3.03,2.2
Mike Minor,10021,KCA,NULL,6,6,6,65,0,77.2,10.2,2.55,0.58,0.272,78.1 %,42.4 %,6.3 %,2.55,2.62,3.59,2.2
Tommy Kahnle,11384,- - -,NULL,2,4,0,69,0,62.2,13.79,2.44,0.57,0.358,78.3 %,40.7 %,7.5 %,2.59,1.83,2.51,2.1
Rick Porcello,2717,BOS,NULL,11,17,0,33,33,203.1,8.01,2.12,1.68,0.324,69.7 %,39.2 %,14.7 %,4.65,4.6,4.43,2.1
Archie Bradley,12918,ARI,NULL,3,3,1,63,0,73,9.74,2.59,0.49,0.276,88.2 %,47.8 %,7.4 %,1.73,2.61,3.21,2.1
Jaime Garcia,8137,- - -,NULL,5,10,0,27,27,157,7.39,3.67,1.03,0.302,69.1 %,54.8 %,14.3 %,4.41,4.25,4.18,2.1
Martin Perez,6902,TEX,NULL,13,12,0,32,32,185,5.59,3.06,1.12,0.328,70.6 %,47.3 %,13.3 %,4.82,4.65,4.7,2.1
Andrew Cashner,8782,TEX,NULL,11,11,0,28,28,166.2,4.64,3.46,0.81,0.266,74.0 %,48.6 %,8.6 %,3.4,4.61,5.3,2
Dan Straily,9460,MIA,NULL,10,9,0,33,33,181.2,8.42,2.97,1.54,0.288,76.4 %,34.2 %,13.0 %,4.26,4.58,4.7,2
Kenta Maeda,18498,LAD,NULL,13,6,1,29,25,134.1,9.38,2.28,1.47,0.278,71.2 %,38.1 %,15.0 %,4.22,4.07,3.89,2
Ivan Nova,1994,PIT,NULL,11,14,0,31,31,187,6.3,1.73,1.4,0.299,73.0 %,45.7 %,15.8 %,4.14,4.46,4.19,2
Kyle Freeland,16256,COL,NULL,11,11,0,33,28,156,6.17,3.63,0.98,0.308,74.9 %,53.9 %,12.5 %,4.1,4.57,4.7,2
Ryan Madson,1852,- - -,NULL,5,4,2,60,0,59,10.22,1.37,0.31,0.263,80.9 %,54.7 %,6.9 %,1.83,1.99,2.42,1.9
Chad Kuhl,14975,PIT,NULL,8,11,0,31,31,157.1,8.12,4.12,0.97,0.321,73.2 %,41.9 %,10.8 %,4.35,4.24,4.61,1.9
CC Sabathia,404,NYY,NULL,14,5,0,27,27,148.2,7.26,3.03,1.27,0.276,79.0 %,49.9 %,17.2 %,3.69,4.49,4.11,1.9
Matthew Boyd,15440,DET,NULL,6,11,0,26,25,135,7.33,3.53,1.2,0.33,68.7 %,38.1 %,10.6 %,5.27,4.51,5.01,1.9
David Robertson,8241,- - -,NULL,9,2,14,61,0,68.1,12.91,3.03,0.79,0.216,89.4 %,47.1 %,11.8 %,1.84,2.57,2.76,1.9
Ken Giles,12910,HOU,NULL,1,3,34,63,0,62.2,11.92,3.02,0.57,0.29,82.8 %,44.0 %,7.4 %,2.3,2.39,3.09,1.8
Blake Snell,13543,TBA,NULL,5,7,0,24,24,129.1,8.28,4.11,1.04,0.277,70.9 %,43.9 %,11.0 %,4.04,4.19,4.56,1.8
Joe Smith,3281,- - -,NULL,3,0,1,59,0,54,11.83,1.67,0.67,0.328,72.0 %,49.6 %,10.5 %,3.33,2.1,2.39,1.8
Mike Foltynewicz,10811,ATL,NULL,10,13,0,29,28,154,8.36,3.45,1.17,0.324,72.4 %,39.4 %,11.8 %,4.79,4.33,4.6,1.8
Raisel Iglesias,17130,CIN,NULL,3,3,28,63,0,76,10.89,3.2,0.59,0.287,80.8 %,42.2 %,8.3 %,2.49,2.7,3.25,1.8
Jerad Eickhoff,12664,PHI,NULL,4,8,0,24,24,128,8.3,3.73,1.13,0.328,71.0 %,37.6 %,10.2 %,4.71,4.3,4.86,1.8
Nick Vincent,7555,SEA,NULL,3,3,0,69,0,64.2,6.96,1.81,0.42,0.301,73.5 %,31.3 %,3.3 %,3.2,2.82,4.75,1.8
Luis Castillo,15689,CIN,NULL,3,7,0,15,15,89.1,9.87,3.22,1.11,0.247,80.1 %,58.8 %,17.2 %,3.12,3.74,3.41,1.8
Sean Doolittle,1581,- - -,NULL,2,0,24,53,0,51.1,10.87,1.75,0.88,0.242,70.3 %,31.5 %,8.1 %,2.81,2.59,3.47,1.8
Brad Hand,9111,SDN,NULL,3,4,21,72,0,79.1,11.8,2.27,1.02,0.263,89.2 %,46.3 %,15.0 %,2.16,3.03,2.9,1.7
Alex Claudio,12890,TEX,NULL,4,2,11,70,1,82.2,6.1,1.63,0.54,0.269,76.5 %,66.7 %,12.2 %,2.5,3.21,3.3,1.7
Luis Perdomo,14682,SDN,NULL,8,11,0,29,29,163.2,6.49,3.57,0.93,0.325,68.3 %,61.8 %,15.6 %,4.67,4.4,4.24,1.7
Seth Lugo,12447,NYM,NULL,7,5,0,19,18,101.1,7.55,2.22,1.15,0.325,68.4 %,42.3 %,12.0 %,4.71,3.95,4.18,1.7
Madison Bumgarner,5524,SFN,NULL,4,9,0,17,17,111,8.19,1.62,1.38,0.272,82.8 %,40.8 %,12.9 %,3.32,3.95,4.07,1.7
Joakim Soria,6941,KCA,NULL,4,3,1,59,0,56,10.29,3.21,0.16,0.329,67.1 %,54.8 %,2.9 %,3.7,2.23,3.08,1.7
Brandon Morrow,9346,LAD,NULL,6,0,2,45,0,43.2,10.31,1.85,0,0.282,75.6 %,45.0 %,0.0 %,2.06,1.55,2.94,1.7
Blake Parker,5224,LAA,NULL,3,3,8,71,0,67.1,11.5,2.14,0.94,0.229,78.4 %,47.0 %,13.5 %,2.54,2.71,2.73,1.7
Jason Vargas,8044,KCA,NULL,18,11,0,32,32,179.2,6.71,2.91,1.35,0.289,77.6 %,40.3 %,12.1 %,4.16,4.67,4.94,1.7
Trevor Rosenthal,10745,STL,NULL,3,4,11,50,0,47.2,14.35,3.78,0.57,0.337,71.2 %,40.8 %,9.4 %,3.4,2.17,2.55,1.6
Cole Hamels,4972,TEX,NULL,11,6,0,24,24,148,6.39,3.22,1.09,0.251,70.2 %,47.5 %,12.1 %,4.2,4.62,4.83,1.6
R.A. Dickey,1245,ATL,NULL,10,10,0,31,31,190,6.44,3.17,1.23,0.29,73.2 %,46.9 %,13.2 %,4.26,4.72,4.79,1.6
Bryan Shaw,8110,CLE,NULL,4,6,3,79,0,76.2,8.57,2.58,0.59,0.311,66.3 %,55.9 %,10.6 %,3.52,2.96,3.2,1.6
Aroldis Chapman,10233,NYY,NULL,4,3,22,52,0,50.1,12.34,3.58,0.54,0.296,71.7 %,48.7 %,7.3 %,3.22,2.56,3.24,1.6
David Price,3184,BOS,NULL,6,3,0,16,11,74.2,9.16,2.89,0.96,0.278,77.0 %,39.9 %,9.8 %,3.38,3.64,4.2,1.6
Brent Suter,13942,MIL,NULL,3,2,0,22,14,81.2,7.05,2.42,0.88,0.306,77.2 %,45.2 %,10.4 %,3.42,3.75,4.15,1.5
Dominic Leone,13763,TOR,NULL,3,0,1,65,0,70.1,10.36,2.94,0.77,0.266,79.3 %,40.2 %,8.2 %,2.56,2.94,3.68,1.5
Adam Wainwright,2233,STL,NULL,12,5,0,24,23,123.1,7.01,3.28,1.02,0.326,68.7 %,47.2 %,12.7 %,5.11,4.29,4.4,1.5
Cody Allen,12183,CLE,NULL,3,7,30,69,0,67.1,12.3,2.81,1.2,0.304,83.1 %,33.5 %,11.8 %,2.94,3.19,3.46,1.5
Jake McGee,7550,COL,NULL,0,2,3,62,0,57.1,9.1,2.51,0.63,0.287,70.2 %,40.5 %,6.5 %,3.61,2.93,3.95,1.5
Juan Nicasio,7731,- - -,NULL,5,5,6,76,0,72.1,8.96,2.49,0.62,0.276,79.5 %,45.6 %,7.9 %,2.61,2.98,3.63,1.5
Noah Syndergaard,11762,NYM,NULL,1,2,0,7,7,30.1,10.09,0.89,0,0.337,57.6 %,57.6 %,0.0 %,2.97,1.31,2.48,1.4
Antonio Senzatela,15488,COL,NULL,10,5,0,36,20,134.2,6.82,3.14,1.2,0.28,69.6 %,50.1 %,15.8 %,4.68,4.52,4.28,1.4
Doug Fister,9425,BOS,NULL,5,9,0,18,15,90.1,8.27,3.79,0.9,0.301,63.3 %,50.6 %,11.8 %,4.88,3.98,4.18,1.4
Luke Weaver,16918,STL,NULL,7,2,0,13,10,60.1,10.74,2.54,1.04,0.335,74.4 %,49.4 %,16.3 %,3.88,3.17,2.93,1.4
Chris Devenski,12763,HOU,NULL,8,5,4,62,0,80.2,11.16,2.9,1.23,0.22,83.1 %,39.8 %,13.6 %,2.68,3.49,3.51,1.4
Lance Lynn,2520,STL,NULL,11,8,0,33,33,186.1,7.39,3.77,1.3,0.244,79.0 %,44.0 %,14.2 %,3.43,4.82,4.75,1.4
Fernando Rodney,494,ARI,NULL,5,4,39,61,0,55.1,10.57,4.23,0.49,0.274,61.1 %,52.2 %,7.0 %,4.23,3.03,3.71,1.4
Joe Biagini,13194,TOR,NULL,3,13,1,44,18,119.2,7.3,3.16,1.13,0.305,61.5 %,55.7 %,15.2 %,5.34,4.27,4.11,1.4
Dinelson Lamet,17186,SDN,NULL,7,8,0,21,21,114.1,10.94,4.25,1.42,0.261,69.2 %,37.1 %,14.8 %,4.57,4.35,4.2,1.4
Miguel Gonzalez,7024,- - -,NULL,8,13,0,27,27,156,5.77,3.17,1.27,0.289,71.0 %,36.2 %,9.6 %,4.62,4.88,5.65,1.3
Sal Romano,13690,CIN,NULL,5,8,0,16,16,87,7.55,3.83,0.93,0.314,69.5 %,50.4 %,11.7 %,4.45,4.24,4.47,1.3
Blake Treinen,12572,- - -,NULL,3,6,16,72,0,75.2,8.8,2.97,0.71,0.344,73.8 %,58.4 %,12.0 %,3.93,3.42,3.57,1.3
Jake Faria,13699,TBA,NULL,5,4,0,16,14,86.2,8.72,3.22,1.14,0.265,78.6 %,38.3 %,11.7 %,3.43,4.12,4.39,1.3
Jesse Hahn,13287,OAK,NULL,3,6,0,14,13,69.2,7.11,3.49,0.52,0.326,60.6 %,45.6 %,6.1 %,5.3,3.62,4.56,1.3
Sean Newcomb,16943,ATL,NULL,4,9,0,19,19,100,9.72,5.13,0.9,0.327,75.2 %,43.8 %,10.9 %,4.32,4.19,4.52,1.3
Dellin Betances,6216,NYY,NULL,3,6,10,66,0,59.2,15.08,6.64,0.45,0.252,80.2 %,48.6 %,7.5 %,2.87,3.22,3.76,1.3
Mike Montgomery,4869,CHC,NULL,7,8,3,44,14,130.2,6.89,3.79,0.69,0.253,75.0 %,57.8 %,10.6 %,3.38,4.07,4.35,1.2
Daniel Norris,13475,DET,NULL,5,8,0,22,18,101.2,7.61,3.9,1.06,0.343,68.6 %,38.8 %,9.5 %,5.31,4.39,5.06,1.2
Adam Warren,9029,NYY,NULL,3,2,1,46,0,57.1,8.48,2.35,0.63,0.208,70.5 %,43.7 %,6.8 %,2.35,3.02,3.94,1.2
Ty Blach,14361,SFN,NULL,8,12,0,34,24,163.2,4.01,2.36,0.93,0.29,66.3 %,46.7 %,9.6 %,4.78,4.42,5.01,1.2
Randall Delgado,5985,ARI,NULL,1,2,1,26,5,62.2,8.62,2.01,0.86,0.302,65.6 %,45.9 %,10.5 %,3.59,3.16,3.53,1.2
Alex Colome,6661,TBA,NULL,2,3,47,65,0,66.2,7.83,3.11,0.54,0.275,72.4 %,48.7 %,6.2 %,3.24,3.37,4.32,1.2
Johnny Cueto,6893,SFN,NULL,8,8,0,25,25,147.1,8.31,3.24,1.34,0.322,75.7 %,39.4 %,14.0 %,4.52,4.49,4.45,1.2
Rafael Montero,12760,NYM,NULL,5,11,0,34,18,119,8.62,5.07,0.91,0.366,70.3 %,48.1 %,10.5 %,5.52,4.37,4.76,1.2
Edubray Ramos,16086,PHI,NULL,2,7,0,59,0,57.2,11.71,4.37,0.62,0.356,70.5 %,37.3 %,7.4 %,4.21,2.91,3.68,1.2
Kyle Gibson,10123,MIN,NULL,12,10,0,29,29,158,6.89,3.42,1.37,0.328,72.3 %,50.8 %,18.3 %,5.07,4.85,4.35,1.2
Luis Garcia,6984,PHI,NULL,2,5,2,66,0,71.1,7.57,3.28,0.38,0.282,78.5 %,56.3 %,5.7 %,2.65,3.12,3.89,1.2
Tommy Hunter,1157,TBA,NULL,3,5,1,61,0,58.2,9.82,2.15,0.92,0.259,80.7 %,44.2 %,11.8 %,2.61,3.07,3.29,1.2
Mychal Givens,10430,BAL,NULL,8,1,0,69,0,78.2,10.07,2.86,1.14,0.251,86.3 %,42.6 %,12.7 %,2.75,3.72,3.85,1.1
Kendall Graveman,15514,OAK,NULL,6,4,0,19,19,105.1,5.98,2.73,1.03,0.313,75.1 %,51.2 %,12.0 %,4.19,4.33,4.54,1.1
Scott Alexander,10591,KCA,NULL,5,4,4,58,0,69,7.7,3.65,0.39,0.306,78.1 %,73.8 %,14.3 %,2.48,3.23,3.21,1.1
Brad Brach,6627,BAL,NULL,4,5,18,67,0,68,9.26,3.44,0.93,0.256,74.4 %,42.4 %,10.1 %,3.18,3.58,4.05,1.1
JC Ramirez,8302,LAA,NULL,11,10,0,27,24,147.1,6.41,2.99,1.28,0.292,75.6 %,51.4 %,15.2 %,4.15,4.71,4.52,1.1
Chris Rusin,9895,COL,NULL,5,1,2,60,0,85,7.52,2.01,0.95,0.277,78.2 %,58.5 %,15.3 %,2.65,3.64,3.5,1.1
Brett Cecil,2660,STL,NULL,2,4,1,73,0,67.1,8.82,2.14,0.94,0.319,71.0 %,42.7 %,10.6 %,3.88,3.26,3.65,1.1
Michael Pineda,5372,NYY,NULL,8,4,0,17,17,96.1,8.6,1.96,1.87,0.302,72.5 %,50.9 %,22.5 %,4.39,4.66,3.61,1.1
Collin McHugh,7531,HOU,NULL,5,2,0,12,12,63.1,8.81,2.84,0.99,0.311,77.7 %,32.8 %,8.6 %,3.55,3.82,4.66,1.1
David Hernandez,4259,- - -,NULL,3,1,2,64,0,55,8.51,1.47,0.65,0.297,72.5 %,43.0 %,6.6 %,3.11,2.76,3.79,1.1
Tyler Chatwood,4338,COL,NULL,8,15,1,33,25,147.2,7.31,4.69,1.22,0.283,73.0 %,58.1 %,22.0 %,4.69,4.94,4.27,1.1
Wade Davis,7441,CHC,NULL,4,2,32,59,0,58.2,12.12,4.3,0.92,0.262,87.7 %,40.5 %,12.0 %,2.3,3.38,3.57,1.1
Adalberto Mejia,13188,MIN,NULL,4,7,0,21,21,98,7.81,4.04,1.19,0.328,76.0 %,39.3 %,11.2 %,4.5,4.65,5.03,1.1
Julio Teheran,6797,ATL,NULL,11,13,0,32,32,188.1,7.22,3.44,1.48,0.281,73.1 %,40.0 %,13.7 %,4.49,4.95,4.96,1.1
Tyler Anderson,12880,COL,NULL,6,6,0,17,15,86,8.48,2.72,1.67,0.304,72.7 %,43.7 %,19.5 %,4.81,4.67,3.95,1.1
Parker Bridwell,11502,LAA,NULL,10,3,0,21,20,121,5.43,2.23,1.41,0.262,79.3 %,38.1 %,12.3 %,3.64,4.84,5.07,1.1
Greg Holland,7196,COL,NULL,3,6,41,61,0,57.1,10.99,4.08,1.1,0.252,75.2 %,41.6 %,11.3 %,3.61,3.72,4.05,1.1
Jeff Hoffman,17432,COL,NULL,6,5,0,23,16,99.1,7.43,3.62,1.36,0.304,65.1 %,41.1 %,11.8 %,5.89,4.8,5.11,1.1
Josh Hader,14212,MIL,NULL,2,3,0,35,0,47.2,12.84,4.15,0.76,0.233,88.1 %,34.4 %,8.7 %,2.08,3.03,3.66,1.1
Erasmo Ramirez,10314,- - -,NULL,5,6,1,37,19,131.1,7.47,2.12,1.51,0.269,68.7 %,43.3 %,14.7 %,4.39,4.43,4.28,1.1
Justin Wilson,4301,- - -,NULL,4,4,13,65,0,58,12.41,5.43,0.78,0.276,76.8 %,37.4 %,8.6 %,3.41,3.38,4.04,1.1
Tyler Lyons,11334,STL,NULL,4,1,3,50,0,54,11.33,3.33,0.5,0.295,79.3 %,41.9 %,6.5 %,2.83,2.86,3.65,1
Matt Barnes,12863,BOS,NULL,7,3,1,70,0,69.2,10.72,3.62,0.9,0.298,72.2 %,48.9 %,14.3 %,3.88,3.33,3.27,1
Jordan Zimmermann,4505,DET,NULL,8,13,0,29,29,160,5.79,2.48,1.63,0.33,67.2 %,33.2 %,12.5 %,6.08,5.18,5.41,1
Joe Musgrove,12970,HOU,NULL,7,8,2,38,15,109.1,8.07,2.3,1.48,0.315,72.7 %,44.9 %,16.4 %,4.77,4.38,4.03,1
Hector Neris,11804,PHI,NULL,4,5,26,74,0,74.2,10.37,3.13,1.08,0.306,84.7 %,32.7 %,10.3 %,3.01,3.71,4.21,1
Nick Pivetta,15454,PHI,NULL,8,10,0,26,26,133,9.47,3.86,1.69,0.332,67.1 %,43.8 %,18.2 %,6.02,4.87,4.26,1
Ryan Tepera,10291,TOR,NULL,7,1,2,73,0,77.2,9.39,3.59,0.81,0.26,70.8 %,41.6 %,8.8 %,3.59,3.75,4.41,1
Alex Meyer,12833,LAA,NULL,4,5,0,13,13,67.1,10.02,5.61,0.8,0.255,74.8 %,46.5 %,11.3 %,3.74,4.14,4.38,1
Brandon Kintzler,9939,- - -,NULL,4,3,29,72,0,71.1,4.92,2.02,0.63,0.271,76.9 %,54.9 %,8.3 %,3.03,3.77,4.36,1
Edwin Diaz,14710,SEA,NULL,4,6,34,66,0,66,12.14,4.36,1.36,0.236,78.5 %,39.1 %,14.3 %,3.27,4.02,3.94,1
Luiz Gohara,15166,ATL,NULL,1,3,0,5,5,29.1,9.51,2.45,0.61,0.366,61.8 %,35.4 %,5.6 %,4.91,2.75,4.05,1
Liam Hendriks,3548,OAK,NULL,4,2,1,70,0,64,10.97,3.23,0.98,0.303,65.5 %,41.5 %,10.4 %,4.22,3.22,3.66,1
Edinson Volquez,3990,MIA,NULL,4,8,0,17,17,92.1,7.9,5.17,0.78,0.278,71.7 %,45.8 %,9.9 %,4.19,4.35,4.78,1
Matt Moore,1890,SFN,NULL,6,15,0,32,31,174.1,7.64,3.46,1.39,0.32,66.9 %,37.7 %,11.6 %,5.52,4.75,5.1,1
Garrett Richards,9784,LAA,NULL,0,2,0,6,6,27.2,8.78,2.28,0.33,0.233,72.0 %,54.2 %,4.8 %,2.28,2.43,3.32,1
Pedro Strop,4070,CHC,NULL,5,4,0,69,0,60.1,9.7,3.88,0.6,0.27,76.0 %,59.2 %,8.7 %,2.83,3.31,3.8,1
Addison Reed,10586,- - -,NULL,2,3,19,77,0,76,9,1.78,1.3,0.266,86.9 %,40.8 %,12.5 %,2.84,3.67,3.85,0.9
Carl Edwards Jr.,13607,CHC,NULL,5,4,0,73,0,66.1,12.75,5.16,0.81,0.192,78.3 %,44.4 %,13.3 %,2.98,3.4,3.43,0.9
Jerry Blevins,7841,NYM,NULL,6,0,1,75,0,49,12.67,4.41,0.73,0.336,84.1 %,41.0 %,8.9 %,2.94,3.12,3.69,0.9
Tyler Skaggs,10190,LAA,NULL,2,6,0,16,16,85,8.05,2.96,1.38,0.318,73.7 %,41.8 %,14.1 %,4.55,4.56,4.49,0.9
Jakob Junis,13619,KCA,NULL,9,3,0,20,16,98.1,7.32,2.29,1.37,0.294,72.8 %,40.1 %,12.3 %,4.3,4.55,4.77,0.9
Matt Garza,3340,MIL,NULL,6,9,0,24,22,114.2,6.2,3.53,1.33,0.287,66.3 %,40.0 %,12.3 %,4.94,4.91,5.12,0.9
Matt Albers,4300,WSH,NULL,7,2,2,63,0,61,9.3,2.51,0.89,0.203,92.4 %,51.0 %,13.6 %,1.62,3.4,3.41,0.9
Will Harris,3192,HOU,NULL,3,2,2,46,0,45.1,10.32,1.39,1.39,0.27,84.8 %,48.3 %,17.1 %,2.98,3.33,2.94,0.8
Emilio Pagan,14771,SEA,NULL,2,3,0,34,0,50.1,10.01,1.43,1.25,0.258,73.3 %,22.3 %,9.5 %,3.22,3.28,4.08,0.8
Hyun-Jin Ryu,14444,LAD,NULL,5,9,1,25,24,126.2,8.24,3.2,1.56,0.299,81.4 %,45.1 %,18.6 %,3.77,4.74,4.14,0.8
Brett Anderson,8223,- - -,NULL,4,4,0,13,13,55.1,6.18,3.42,0.81,0.364,60.9 %,49.2 %,11.9 %,6.34,4.1,4.27,0.8
Darren O'Day,3321,BAL,NULL,2,3,2,64,0,60.1,11.34,3.58,1.19,0.256,77.5 %,47.8 %,15.7 %,3.43,3.7,3.48,0.8
Scott Oberg,13911,COL,NULL,0,1,0,66,0,58.1,8.49,3.7,0.62,0.367,67.5 %,57.1 %,9.3 %,4.94,3.5,3.92,0.8
Trevor Hildenberger,17002,MIN,NULL,3,3,1,37,0,42,9.43,1.29,0.86,0.304,77.8 %,58.8 %,14.8 %,3.21,3.01,2.92,0.8
Keone Kela,14696,TEX,NULL,4,1,2,39,0,38.2,11.87,3.96,0.93,0.179,79.0 %,30.5 %,8.5 %,2.79,3.26,4.08,0.8
Ricky Nolasco,3830,LAA,NULL,6,15,0,33,33,181,7.11,2.88,1.74,0.31,75.6 %,40.1 %,15.6 %,4.92,5.1,4.79,0.8
Francisco Liriano,3201,- - -,NULL,6,7,0,38,18,97,7.89,4.92,1.02,0.329,65.5 %,44.9 %,10.8 %,5.66,4.64,5.04,0.8
Hunter Strickland,7836,SFN,NULL,4,3,1,68,0,61.1,8.51,4.26,0.59,0.314,82.9 %,38.8 %,5.1 %,2.64,3.63,5.07,0.8
Wade Miley,8779,BAL,NULL,8,15,0,32,32,157.1,8.12,5.32,1.43,0.332,71.4 %,50.3 %,19.4 %,5.61,5.27,4.66,0.8
Ben Lively,14932,PHI,NULL,4,7,0,15,15,88.2,5.28,2.44,1.32,0.28,74.2 %,38.2 %,10.4 %,4.26,4.97,5.58,0.7
Brian Duensing,4064,CHC,NULL,1,1,0,68,0,62.1,8.81,2.6,0.87,0.306,84.8 %,48.6 %,10.3 %,2.74,3.41,3.82,0.7
Jose Alvarado,17780,TBA,NULL,0,3,0,35,0,29.2,8.8,2.73,0.3,0.274,66.5 %,53.7 %,4.0 %,3.64,2.55,3.61,0.7
Matt Bowman,13528,STL,NULL,3,6,2,75,0,58.2,7.06,2.76,0.61,0.276,66.3 %,54.6 %,8.0 %,3.99,3.65,4.28,0.7
Joe Kelly,9761,BOS,NULL,4,1,0,54,0,58,8.07,4.19,0.47,0.252,77.5 %,50.6 %,7.3 %,2.79,3.49,4.07,0.7
Tyler Duffey,13758,MIN,NULL,2,3,1,56,0,71,8.49,2.28,1.14,0.326,66.7 %,49.5 %,13.0 %,4.94,3.72,3.8,0.7
Arodys Vizcaino,5498,ATL,NULL,5,3,14,62,0,57.1,10.05,3.3,1.1,0.248,83.3 %,38.5 %,10.4 %,2.83,3.72,4.21,0.7
Luis Avilan,2882,LAD,NULL,2,3,0,61,0,46,10.17,4.3,0.39,0.342,78.8 %,53.8 %,8.0 %,2.93,2.96,3.36,0.7
Sam Freeman,6832,ATL,NULL,2,0,0,58,0,60,8.85,4.05,0.45,0.278,80.0 %,58.5 %,7.0 %,2.55,3.34,3.97,0.7
Nick Goody,13685,CLE,NULL,1,2,0,56,0,54.2,11.85,3.29,1.15,0.269,80.5 %,28.2 %,11.7 %,2.8,3.45,3.74,0.7
Ross Stripling,13273,LAD,NULL,3,5,2,49,2,74.1,8.96,2.3,1.21,0.294,77.0 %,49.3 %,16.7 %,3.75,3.68,3.37,0.7
Scott Feldman,6283,CIN,NULL,7,7,0,21,21,111.1,7.52,2.83,1.7,0.3,74.5 %,42.8 %,21.4 %,4.77,5.04,4.16,0.7
Homer Bailey,8362,CIN,NULL,6,9,0,18,18,91,6.63,4.15,1.09,0.346,64.8 %,44.6 %,13.1 %,6.43,4.9,4.98,0.7
Blake Wood,1345,- - -,NULL,3,4,0,72,0,74.1,10.17,4,0.97,0.369,64.6 %,52.1 %,15.1 %,5.45,3.67,3.54,0.7
Odrisamer Despaigne,16017,MIA,NULL,2,3,1,18,8,58.1,4.78,3.7,0.46,0.28,66.4 %,37.6 %,4.0 %,4.01,4.15,5.77,0.7
Brandon Maurer,4878,- - -,NULL,3,6,22,68,0,59.1,8.95,2.88,1.21,0.361,61.1 %,38.5 %,12.1 %,6.52,3.93,4.16,0.7
Cam Bedrosian,13360,LAA,NULL,6,5,6,48,0,44.2,10.68,3.43,1.01,0.313,62.8 %,42.9 %,10.4 %,4.43,3.38,3.84,0.7
Andrew Chafin,12988,ARI,NULL,1,0,0,71,0,51.1,10.69,3.68,0.88,0.326,78.1 %,56.3 %,16.7 %,3.51,3.39,3.16,0.7
Bud Norris,9492,LAA,NULL,2,6,19,60,3,62,10.74,3.92,1.16,0.31,76.2 %,44.8 %,16.0 %,4.21,3.9,3.66,0.7
Chase Whitley,10982,TBA,NULL,2,1,2,41,0,57.1,6.75,2.51,0.63,0.256,61.9 %,32.8 %,5.3 %,4.08,3.56,5.01,0.7
Steve Cishek,6483,- - -,NULL,3,2,1,49,0,44.2,8.26,2.82,0.6,0.204,85.1 %,56.1 %,10.0 %,2.01,3.34,3.66,0.7
Jacob Barnes,12323,MIL,NULL,3,4,2,73,0,72,10,4.13,1,0.272,70.9 %,53.3 %,16.0 %,4,3.88,3.67,0.6
Matt Belisle,1837,MIN,NULL,2,2,9,62,0,60.1,8.06,3.28,1.04,0.253,65.9 %,40.7 %,10.9 %,4.03,4.07,4.45,0.6
Robert Gsellman,13696,NYM,NULL,8,7,0,25,22,119.2,6.17,3.16,1.28,0.303,62.7 %,49.3 %,14.4 %,5.19,4.89,4.79,0.6
Matt Bush,1246,TEX,NULL,3,4,10,57,0,52.1,9.97,3.27,1.2,0.329,71.2 %,37.3 %,10.3 %,3.78,4,4.57,0.6
Shane Greene,10756,DET,NULL,4,3,9,71,0,67.2,9.71,4.52,0.8,0.265,84.2 %,47.4 %,10.2 %,2.66,3.84,4.24,0.6
Kyle Barraclough,13713,MIA,NULL,6,2,1,66,0,66,10.36,5.18,0.68,0.291,79.1 %,43.0 %,8.9 %,3,3.66,4.18,0.6
Andrew Triggs,13533,OAK,NULL,5,6,0,12,12,65.1,6.89,2.62,1.24,0.294,62.5 %,49.8 %,13.2 %,4.27,4.47,4.53,0.6
Chris Stratton,13761,SFN,NULL,4,4,1,13,10,58.2,7.82,4.3,0.77,0.316,77.8 %,42.8 %,10.0 %,3.68,4.01,4.42,0.6
Drew Steckenrider,18806,MIA,NULL,1,1,1,37,0,34.2,14.02,4.67,1.04,0.347,82.6 %,41.8 %,13.3 %,2.34,3.1,3.14,0.6
Michael Lorenzen,14843,CIN,NULL,8,4,2,70,0,83,8.67,3.69,0.98,0.295,70.6 %,54.6 %,15.0 %,4.45,4.01,3.89,0.6
Bartolo Colon,375,- - -,NULL,7,14,0,28,28,143,5.6,2.2,1.76,0.331,61.4 %,41.8 %,14.1 %,6.48,5.21,5.14,0.6
Paul Sewald,13892,NYM,NULL,0,6,0,57,0,65.1,9.51,2.89,1.1,0.287,65.0 %,32.2 %,9.9 %,4.55,3.74,4.35,0.6
A.J. Minter,18655,ATL,NULL,0,1,0,16,0,15,15.6,1.2,0.6,0.387,73.5 %,37.5 %,7.7 %,3,0.96,1.63,0.6
Zach Britton,3240,BAL,NULL,2,1,15,38,0,37.1,6.99,4.34,0.24,0.336,80.9 %,72.6 %,11.1 %,2.89,3.4,3.48,0.6
Koda Glover,17695,WSH,NULL,0,1,8,23,0,19.1,7.91,1.86,0.47,0.328,57.5 %,44.1 %,5.0 %,5.12,2.69,3.86,0.6
David Phelps,6316,- - -,NULL,4,5,0,54,0,55.2,10.02,4.2,0.81,0.319,77.5 %,45.2 %,11.6 %,3.4,3.55,3.76,0.6
Paul Blackburn,14739,OAK,NULL,3,1,0,10,10,58.2,3.38,2.45,0.77,0.273,77.9 %,56.3 %,10.2 %,3.22,4.38,4.76,0.6
Austin Pruitt,15290,TBA,NULL,7,5,1,30,8,83,7.16,2.39,1.19,0.345,65.5 %,47.7 %,12.5 %,5.31,4.27,4.43,0.6
Gregory Infante,9119,CWS,NULL,2,1,0,52,0,54.2,8.07,3.29,0.66,0.272,76.9 %,36.1 %,6.3 %,3.13,3.58,4.71,0.6
Carlos Rodon,16137,CWS,NULL,2,5,0,12,12,69.1,9.87,4.02,1.56,0.297,77.6 %,44.1 %,19.0 %,4.15,4.69,4.05,0.6
Reynaldo Lopez,16400,CWS,NULL,3,3,0,8,8,47.2,5.66,2.64,1.32,0.271,64.6 %,30.2 %,9.0 %,4.72,4.75,5.75,0.6
Daniel Mengden,16980,OAK,NULL,3,2,0,7,7,43,6.07,1.88,1.26,0.24,79.2 %,39.2 %,11.1 %,3.14,4.25,4.67,0.6
Eddie Butler,13453,CHC,NULL,4,3,0,13,11,54.2,4.94,4.61,0.66,0.266,75.3 %,44.3 %,6.9 %,3.95,4.66,5.59,0.6
Ryan Merritt,13688,CLE,NULL,2,0,0,5,4,20.2,3.05,1.74,0,0.333,80.0 %,53.8 %,0.0 %,1.74,3.06,4.44,0.6
Brandon Woodruff,16162,MIL,NULL,2,3,0,8,8,43,6.7,2.93,1.05,0.292,69.8 %,47.4 %,11.1 %,4.81,4.37,4.72,0.6
Aaron Loup,10343,TOR,NULL,2,3,0,70,0,57.2,9.99,4.53,0.62,0.34,75.8 %,53.5 %,9.5 %,3.75,3.66,4.05,0.6
Koji Uehara,9227,CHC,NULL,3,4,2,49,0,43,10.47,2.51,1.47,0.284,72.1 %,24.6 %,12.3 %,3.98,3.79,4.03,0.6
Heath Hembree,11632,BOS,NULL,2,3,0,62,0,62,10.16,2.61,1.45,0.36,80.5 %,38.9 %,13.7 %,3.63,3.92,3.91,0.6
James Hoyt,14605,HOU,NULL,1,0,0,43,0,49.1,12.04,2.55,1.28,0.361,75.2 %,40.6 %,15.2 %,4.38,3.3,3.11,0.5
Oliver Drake,8823,- - -,NULL,3,5,1,64,0,56,9.96,4.02,0.96,0.361,71.6 %,48.8 %,14.3 %,4.66,3.68,3.62,0.5
Tyler Olson,14741,CLE,NULL,1,0,1,30,0,20,8.1,2.7,0,0.25,100.0 %,52.9 %,0.0 %,0,2.41,3.56,0.5
Jonathan Holder,16588,NYY,NULL,1,1,0,37,0,39.1,9.15,1.83,1.14,0.348,79.6 %,42.0 %,10.6 %,3.89,3.62,4.09,0.5
Andrew Albers,7853,SEA,NULL,5,1,1,9,6,41,8.12,2.2,1.32,0.301,70.8 %,33.6 %,11.8 %,3.51,4.13,4.44,0.5
Matt Andriese,12022,TBA,NULL,5,5,1,18,17,86,7.95,2.93,1.67,0.296,74.3 %,44.9 %,17.4 %,4.5,4.93,4.41,0.5
Wei-Yin Chen,13071,MIA,NULL,2,1,0,9,5,33,6.82,2.45,0.82,0.234,68.2 %,36.6 %,7.3 %,3.82,3.73,4.76,0.5
Anthony Banda,14706,ARI,NULL,2,3,0,8,4,25.2,8.77,3.51,0.35,0.329,58.5 %,36.5 %,3.3 %,5.96,3.24,4.81,0.5
Tony Barnette,3555,TEX,NULL,2,1,2,50,0,57.1,8.95,3.45,1.1,0.348,66.5 %,41.2 %,11.3 %,5.49,4.01,4.35,0.5
Brad Ziegler,7293,MIA,NULL,1,4,10,53,0,47,4.98,3.06,0.19,0.346,64.4 %,64.2 %,4.0 %,4.79,3.73,4.4,0.5
John Lackey,1507,CHC,NULL,12,12,0,31,30,170.2,7.86,2.79,1.9,0.268,76.3 %,41.2 %,18.2 %,4.59,5.3,4.62,0.5
Jared Hughes,9325,MIL,NULL,5,3,1,67,0,59.2,7.24,3.62,0.6,0.278,79.0 %,62.2 %,12.9 %,3.02,3.93,3.98,0.5
George Kontos,9486,- - -,NULL,1,6,1,65,0,66.1,9.5,2.71,1.22,0.291,79.0 %,46.7 %,14.8 %,3.39,3.72,3.59,0.5
Dan Otero,7385,CLE,NULL,3,0,0,52,0,60,5.7,1.35,0.9,0.302,77.0 %,63.5 %,26.1 %,2.85,3.64,3.02,0.5
Shelby Miller,10197,ARI,NULL,2,2,0,4,4,22,8.18,4.91,0.41,0.288,71.9 %,43.9 %,4.3 %,4.09,3.57,4.84,0.5
Robert Stephenson,13594,CIN,NULL,5,6,1,25,11,84.2,9.14,5.63,1.28,0.3,70.5 %,37.5 %,12.6 %,4.68,4.92,5.07,0.5
Zach McAllister,2895,CLE,NULL,2,2,0,50,0,62,9.58,3.05,1.16,0.294,89.3 %,35.8 %,11.8 %,2.61,3.77,4.04,0.5
Mark Melancon,4264,SFN,NULL,1,2,11,32,0,30,8.7,1.8,0.9,0.374,70.4 %,52.7 %,12.5 %,4.5,3.22,3.35,0.4
Anibal Sanchez,3284,DET,NULL,3,7,0,28,17,105.1,8.89,2.48,2.22,0.354,67.1 %,35.6 %,19.3 %,6.41,5.33,4.4,0.4
Gabriel Ynoa,12938,BAL,NULL,2,3,0,9,4,34.2,6.75,2.08,1.3,0.318,75.6 %,38.2 %,9.4 %,4.15,4.31,5.16,0.4
Michael Feliz,11903,HOU,NULL,4,2,0,46,0,48,13.13,4.13,1.5,0.381,69.0 %,31.0 %,15.1 %,5.63,3.78,3.58,0.4
Taylor Rogers,13449,MIN,NULL,7,3,0,69,0,55.2,7.92,3.4,0.97,0.291,82.8 %,45.0 %,12.2 %,3.07,4.09,4.26,0.4
Chad Bettis,10587,COL,NULL,2,4,0,9,9,46.1,5.83,2.14,1.55,0.293,70.1 %,48.4 %,16.0 %,5.05,4.88,4.56,0.4
Joe Ross,12972,WSH,NULL,5,3,0,13,13,73.2,8.31,2.44,1.95,0.33,75.1 %,37.5 %,18.8 %,5.01,4.99,4.22,0.4
Alex Wilson,9239,DET,NULL,2,5,2,66,0,60,6.3,2.25,1.05,0.311,67.8 %,41.6 %,10.0 %,4.5,4.17,4.73,0.4
Jose Alvarez,5358,LAA,NULL,0,3,1,64,0,48.2,8.32,2.22,1.29,0.309,74.7 %,38.9 %,13.2 %,3.88,3.92,3.99,0.4
Danny Farquhar,8501,- - -,NULL,4,2,0,52,0,49.1,8.21,5.11,0.55,0.267,71.9 %,41.7 %,5.1 %,4.2,4.07,5.41,0.4
Nathan Karns,12638,KCA,NULL,2,2,0,9,8,45.1,10.13,2.58,1.79,0.283,80.7 %,49.6 %,19.6 %,4.17,4.48,3.71,0.4
Kirby Yates,9073,- - -,NULL,4,5,1,62,0,56.2,13.98,3.02,1.91,0.291,76.8 %,28.9 %,17.6 %,3.97,3.92,3.3,0.4
Blaine Boyer,2237,BOS,NULL,1,1,0,32,0,41.1,7.19,3.05,0.65,0.37,74.0 %,34.1 %,6.5 %,4.35,3.59,4.63,0.4
Wandy Peralta,14295,CIN,NULL,3,4,0,69,0,64.2,7.93,3.34,1.11,0.26,74.9 %,54.2 %,15.1 %,3.76,4.16,4.01,0.4
Nick Wittgren,15594,MIA,NULL,3,1,0,38,0,42.1,9.14,2.76,1.06,0.339,71.2 %,33.3 %,9.3 %,4.68,3.58,4.32,0.4
Enny Romero,4001,WSH,NULL,2,4,2,53,0,55.2,10.51,3.72,1.13,0.327,77.3 %,39.0 %,10.8 %,3.56,3.86,4.3,0.4
Felix Hernandez,4772,SEA,NULL,6,5,0,16,16,86.2,8.1,2.7,1.77,0.286,76.4 %,46.9 %,22.4 %,4.36,5.02,4.03,0.4
AJ Ramos,8350,- - -,NULL,2,4,27,61,0,58.2,11.05,5.22,1.07,0.294,77.1 %,40.1 %,12.1 %,3.99,4.1,4.3,0.4
Fernando Abad,4994,BOS,NULL,2,1,1,48,0,43.2,7.63,2.89,0.82,0.286,74.9 %,45.0 %,8.7 %,3.3,3.68,4.37,0.4
Tony Zych,12876,SEA,NULL,6,3,1,45,0,40.2,7.75,4.65,0.44,0.255,82.7 %,49.5 %,6.1 %,2.66,3.99,4.8,0.3
Steven Matz,13361,NYM,NULL,2,7,0,13,13,66.2,6.48,2.57,1.62,0.329,66.9 %,47.1 %,17.1 %,6.08,5.05,4.58,0.3
Carlos Estevez,14542,COL,NULL,5,0,0,35,0,32.1,8.63,3.9,0.84,0.36,66.3 %,45.1 %,11.1 %,5.57,3.84,4.12,0.3
Josh Fields,5070,LAD,NULL,5,0,2,57,0,57,9.47,2.37,1.58,0.219,88.1 %,29.7 %,14.1 %,2.84,4.18,4.11,0.3
Oliver Perez,1514,WSH,NULL,0,0,1,50,0,33,10.64,3.27,1.09,0.333,73.1 %,33.0 %,9.3 %,4.64,3.82,4.57,0.3
Peter Moylan,4891,KCA,NULL,0,0,0,79,0,59.1,6.98,3.79,0.61,0.221,68.3 %,61.1 %,10.5 %,3.49,4,4.26,0.3
Jimmie Sherfy,15118,ARI,NULL,2,0,1,11,0,10.2,7.59,1.69,0,0.192,100.0 %,53.8 %,0.0 %,0,2.03,3.87,0.3
Tyler Mahle,16358,CIN,NULL,1,2,0,4,4,20,6.3,4.95,0,0.302,82.4 %,52.5 %,0.0 %,2.7,4.01,5.79,0.3
Austin Maddox,14241,BOS,NULL,0,0,0,13,0,17.1,7.27,1.04,0.52,0.24,100.0 %,26.0 %,3.3 %,0.52,2.64,4.97,0.3
Fernando Salas,4971,- - -,NULL,2,2,0,61,0,58.2,8.59,3.38,1.07,0.337,63.1 %,47.5 %,10.8 %,5.22,3.92,4.34,0.3
James Pazos,13323,SEA,NULL,4,5,0,59,0,53.2,10.9,4.02,1.17,0.317,71.2 %,51.0 %,17.9 %,3.86,4.05,3.65,0.3
Jesse Chavez,5448,LAA,NULL,7,11,0,38,21,138,7.76,2.93,1.83,0.306,71.9 %,41.1 %,18.3 %,5.35,5.09,4.43,0.3
Brad Boxberger,10133,TBA,NULL,4,4,0,30,0,29.1,12.27,3.38,1.23,0.292,81.6 %,41.8 %,14.3 %,3.38,3.43,3.36,0.3
Sergio Romo,9817,- - -,NULL,3,1,0,55,0,55.2,9.54,3.07,1.46,0.243,79.0 %,37.2 %,14.5 %,3.56,4.22,4.1,0.3
Zach Putnam,9080,CWS,NULL,0,0,0,7,0,8.2,9.35,1.04,0,0.111,66.7 %,55.6 %,0.0 %,1.04,1.43,2.86,0.3
Boone Logan,5525,CLE,NULL,1,0,0,38,0,21,12,3.86,0.86,0.353,62.5 %,50.0 %,14.3 %,4.71,3.16,3.11,0.3
Victor Arano,15915,PHI,NULL,1,0,0,10,0,10.2,10.97,3.38,0,0.24,80.0 %,44.0 %,0.0 %,1.69,1.85,3.35,0.3
Dillon Gee,7396,- - -,NULL,3,2,1,18,4,49.1,7.48,2.74,1.46,0.319,79.3 %,41.2 %,13.6 %,3.47,4.76,4.78,0.3
Buck Farmer,14814,DET,NULL,5,5,0,11,11,48,9.19,3.75,1.69,0.336,61.8 %,32.4 %,13.2 %,6.75,5.05,5.14,0.3
Lucas Giolito,15474,CWS,NULL,3,3,0,7,7,45.1,6.75,2.38,1.59,0.189,92.0 %,45.0 %,17.8 %,2.38,4.94,4.42,0.3
Jeurys Familia,5114,NYM,NULL,2,2,6,26,0,24.2,9.12,5.47,0.36,0.29,64.6 %,60.3 %,7.7 %,4.38,3.6,4.01,0.3
Dan Winkler,12237,ATL,NULL,1,1,0,16,0,14.1,11.3,3.77,0.63,0.214,77.6 %,35.7 %,7.7 %,2.51,2.81,3.52,0.3
Zack Wheeler,10310,NYM,NULL,3,7,0,17,17,86.1,8.44,4.17,1.56,0.332,73.1 %,47.5 %,19.5 %,5.21,5.03,4.36,0.3
Trevor Cahill,6249,- - -,NULL,4,3,0,21,14,84,9.32,4.82,1.71,0.326,76.3 %,55.6 %,25.0 %,4.93,5.28,4.16,0.3
Matt Grace,11449,WSH,NULL,1,0,2,40,1,50,5.58,3.24,0.54,0.294,68.9 %,61.1 %,9.4 %,4.32,3.96,4.32,0.3
Jarlin Garcia,18282,MIA,NULL,1,2,0,68,0,53.1,7.09,2.87,1.01,0.263,65.4 %,39.0 %,9.2 %,4.73,4.23,4.93,0.3
Matt Shoemaker,4776,LAA,NULL,6,3,0,14,14,77.2,8,3.24,1.74,0.276,76.2 %,38.5 %,14.6 %,4.52,5.13,4.98,0.3
Hector Rondon,2391,CHC,NULL,4,1,0,61,0,57.1,10.83,3.14,1.57,0.292,71.9 %,48.3 %,19.6 %,4.24,4.12,3.43,0.3
Cory Gearrin,7947,SFN,NULL,4,3,0,68,0,68,8.47,4.63,0.53,0.263,88.0 %,48.0 %,6.9 %,1.99,3.89,4.65,0.3
Adam Morgan,12580,PHI,NULL,3,3,0,37,0,54.2,10.37,2.96,1.65,0.297,80.0 %,45.6 %,20.0 %,4.12,4.22,3.47,0.3
Francis Martes,17303,HOU,NULL,5,2,0,32,4,54.1,11.43,5.13,1.16,0.328,62.3 %,42.6 %,14.0 %,5.8,4.45,4.41,0.3
Deck McGuire,11596,CIN,NULL,1,1,0,6,2,13.2,7.24,1.32,0.66,0.22,60.3 %,28.6 %,4.0 %,2.63,3.16,5.46,0.3
Bruce Rondon,5766,DET,NULL,1,3,1,21,0,15.2,12.64,5.74,0.57,0.476,42.5 %,39.5 %,7.7 %,10.91,3.29,3.93,0.3
Al Alburquerque,6324,- - -,NULL,0,2,0,21,0,18,7,4,0,0.204,72.2 %,55.1 %,0.0 %,2.5,2.94,4.12,0.3
Steven Brault,15291,PIT,NULL,1,0,1,11,4,34.2,5.97,3.63,0.78,0.317,68.2 %,41.7 %,6.5 %,4.67,4.34,5.58,0.3
Jeff Locke,2929,MIA,NULL,0,5,0,7,7,32,7.31,4.22,1.13,0.355,52.5 %,46.8 %,10.8 %,8.16,4.56,5,0.3
Daniel Wright,15179,LAA,NULL,0,1,0,5,2,19.2,5.03,3.66,0.46,0.317,64.2 %,30.2 %,4.0 %,4.58,4.23,5.83,0.3
Matt Cain,4732,SFN,NULL,3,11,0,27,23,124.1,5.43,3.55,1.3,0.328,67.3 %,42.5 %,12.2 %,5.43,5.06,5.3,0.3
Jarred Cosart,10304,SDN,NULL,0,2,0,7,6,24,5.63,7.13,0,0.333,68.1 %,50.6 %,0.0 %,4.88,4.53,6.16,0.3
Chris O'Grady,13818,MIA,NULL,2,1,0,13,6,33,8.18,4.91,1.09,0.315,77.6 %,34.0 %,10.3 %,4.36,4.64,5.17,0.2
Sam Tuivailala,13485,STL,NULL,3,3,0,37,0,42.1,7.23,2.34,0.85,0.258,84.9 %,48.8 %,10.3 %,2.55,3.7,4.11,0.2
Edward Paredes,4168,LAD,NULL,1,0,0,10,0,8.1,11.88,0,1.08,0.368,75.8 %,35.0 %,12.5 %,3.24,2.08,2.23,0.2
Josh Lindblom,7882,PIT,NULL,0,0,0,4,0,10.1,8.71,2.61,0,0.474,57.1 %,39.5 %,0.0 %,7.84,2.09,4.68,0.2
Jose Leclerc,14524,TEX,NULL,2,3,2,47,0,45.2,11.82,7.88,0.79,0.204,74.5 %,39.6 %,8.3 %,3.94,4.49,5.22,0.2
Tim Mayza,15042,TOR,NULL,1,0,0,19,0,17,14.29,2.12,1.59,0.467,54.6 %,41.7 %,21.4 %,6.88,2.98,2.15,0.2
Tyler Clippard,5640,- - -,NULL,2,8,5,67,0,60.1,10.74,4.62,1.49,0.248,71.2 %,32.5 %,12.8 %,4.77,4.57,4.71,0.2
Brian Johnson,14272,BOS,NULL,2,0,0,5,5,27,7,2.67,1.67,0.31,81.8 %,35.9 %,11.9 %,4.33,4.9,5.26,0.2
Jose Urena,11589,MIA,NULL,14,7,0,34,28,169.2,5.99,3.39,1.38,0.249,79.0 %,43.1 %,13.1 %,3.82,5.2,5.29,0.2
Asher Wojciechowski,10836,CIN,NULL,4,3,0,25,8,62.1,9.24,2.74,2.02,0.322,62.3 %,29.1 %,15.1 %,6.5,5.18,4.91,0.2
Chris Hatcher,3299,- - -,NULL,1,2,1,49,0,59.2,9.5,3.17,1.51,0.294,76.9 %,32.5 %,12.8 %,4.22,4.28,4.43,0.2
Pedro Baez,5420,LAD,NULL,3,6,0,66,0,64,9,4.08,1.27,0.267,84.7 %,34.6 %,11.3 %,2.95,4.44,4.83,0.2
Bryan Mitchell,11479,NYY,NULL,1,1,1,20,1,32.2,4.68,3.58,0.55,0.333,60.2 %,54.1 %,8.0 %,5.79,4.2,4.76,0.2
Dillon Peters,18790,MIA,NULL,1,2,0,6,6,31.1,7.76,5.46,0.86,0.33,71.7 %,63.3 %,15.8 %,5.17,4.69,4.52,0.2
Alec Asher,13560,BAL,NULL,2,5,0,24,6,60,7.05,3.45,1.5,0.287,71.4 %,38.9 %,12.8 %,5.25,5.26,5.4,0.2
Chasen Shreve,10855,NYY,NULL,4,1,0,44,0,45.1,11.51,4.96,1.59,0.252,82.0 %,37.4 %,15.4 %,3.77,4.55,4.29,0.2
Chasen Bradford,12452,NYM,NULL,2,0,0,28,0,33.2,7.22,3.48,0.8,0.27,67.0 %,55.9 %,10.0 %,3.74,3.87,4.3,0.2
Rex Brothers,9794,ATL,NULL,4,3,0,27,0,23.2,12.55,4.56,1.14,0.357,53.5 %,39.0 %,14.3 %,7.23,3.66,3.6,0.2
Jim Johnson,3656,ATL,NULL,6,3,22,61,0,56.2,9.69,3.97,1.27,0.317,62.3 %,48.5 %,15.7 %,5.56,4.22,3.98,0.2
Ben Heller,15100,NYY,NULL,1,0,0,9,0,11,7.36,4.91,0,0.179,90.9 %,46.4 %,0.0 %,0.82,3.16,4.94,0.2
Aaron Wilkerson,16904,MIL,NULL,1,0,0,3,2,10.1,6.1,0.87,0.87,0.179,53.6 %,44.8 %,8.3 %,3.48,3.35,4.16,0.2
Giovanny Gallegos,14986,NYY,NULL,0,1,0,16,0,20.1,9.74,2.21,1.33,0.31,64.2 %,35.6 %,12.0 %,4.87,3.65,3.92,0.2
Keynan Middleton,15264,LAA,NULL,6,1,3,64,0,58.1,9.72,2.78,1.7,0.318,84.7 %,37.6 %,16.2 %,3.86,4.37,4,0.2
T.J. McFarland,3237,ARI,NULL,4,5,0,43,1,54,4.83,2.83,0.67,0.323,53.6 %,67.0 %,12.1 %,5.33,4.1,4.23,0.2
Kevin McCarthy,15240,KCA,NULL,1,0,0,33,0,45,5.4,2.6,0.8,0.303,69.7 %,54.2 %,9.5 %,3.2,3.98,4.48,0.2
Danny Barnes,11388,TOR,NULL,3,6,0,60,0,66,8.45,3.27,1.5,0.222,81.6 %,32.2 %,12.0 %,3.55,4.58,4.89,0.2
Carson Smith,13172,BOS,NULL,0,0,1,8,0,6.2,9.45,2.7,0,0.389,88.9 %,61.1 %,0.0 %,1.35,1.96,2.22,0.2
Ryan Buchter,9456,- - -,NULL,4,3,1,71,0,65.1,8.95,3.58,1.38,0.209,81.7 %,32.9 %,11.0 %,2.89,4.54,5.02,0.2
Lucas Sims,13470,ATL,NULL,3,6,0,14,10,57.2,6.87,3.59,1.4,0.314,68.9 %,38.1 %,13.0 %,5.62,5.07,5.16,0.2
Jamie Callahan,14711,NYM,NULL,0,0,0,9,0,6.2,6.75,1.35,0,0.292,50.0 %,56.5 %,0.0 %,4.05,2.11,3.71,0.2
Nate Jones,4696,CWS,NULL,1,0,0,11,0,11.2,11.57,4.63,0.77,0.308,89.0 %,53.8 %,14.3 %,2.31,3.5,3.45,0.2
Richard Bleier,7803,BAL,NULL,2,1,0,57,0,63.1,3.69,1.85,0.85,0.259,79.3 %,68.8 %,14.0 %,1.99,4.37,4.35,0.2
David Paulino,17418,HOU,NULL,2,0,0,6,6,29,10.55,2.17,2.48,0.354,69.2 %,30.1 %,19.0 %,6.52,5.12,4.11,0.2
Hector Velazquez,19341,BOS,NULL,3,1,0,8,3,24.2,6.93,2.55,1.46,0.258,89.3 %,42.9 %,16.7 %,2.92,4.58,4.2,0.2
Julio Urias,14765,LAD,NULL,0,2,0,5,5,23.1,4.24,5.4,0.39,0.293,62.8 %,40.3 %,4.3 %,5.4,4.7,5.9,0.2
Mike Dunn,9948,COL,NULL,5,1,0,68,0,50.1,10.19,5.01,1.43,0.276,76.9 %,32.8 %,13.1 %,4.47,4.63,4.72,0.2
Jumbo Diaz,3397,TBA,NULL,1,4,0,31,0,30,8.4,4.5,1.2,0.315,65.2 %,30.7 %,9.8 %,5.7,4.52,5.22,0.1
Domingo German,17149,NYY,NULL,0,1,0,7,0,14.1,11.3,5.65,0.63,0.294,75.3 %,54.5 %,12.5 %,3.14,3.44,3.52,0.1
Joaquin Benoit,1437,- - -,NULL,1,6,2,52,0,50.1,8.23,3.93,1.25,0.263,67.6 %,33.3 %,10.0 %,4.65,4.51,5.17,0.1
Kyle McGrath,16793,SDN,NULL,0,0,0,17,0,19,7.58,2.84,0.95,0.235,81.4 %,28.3 %,7.1 %,2.84,3.79,5.04,0.1
Alan Busenitz,15239,MIN,NULL,1,1,0,28,0,31.2,6.54,2.56,1.14,0.212,86.6 %,37.5 %,10.0 %,1.99,4.2,4.8,0.1
John Brebbia,12777,STL,NULL,0,0,0,50,0,51.2,8.88,1.92,1.39,0.216,90.9 %,25.2 %,10.3 %,2.44,4.13,4.8,0.1
Phil Hughes,7450,MIN,NULL,4,3,0,14,9,53.2,6.37,2.18,2.01,0.333,69.4 %,30.4 %,13.8 %,5.87,5.43,5.41,0.1
Kyle Crick,13182,SFN,NULL,0,0,0,30,0,32.1,7.79,4.73,0.56,0.233,72.6 %,37.9 %,5.0 %,3.06,3.9,5.3,0.1
Daniel Coulombe,13293,OAK,NULL,2,2,0,72,0,51.2,6.79,3.83,0.7,0.28,75.3 %,56.2 %,9.8 %,3.48,4.16,4.57,0.1
A.J. Schugel,11432,PIT,NULL,4,0,0,32,0,32,7.59,3.94,0.84,0.304,90.7 %,52.7 %,11.5 %,1.97,4,4.23,0.1
Max Fried,13743,ATL,NULL,1,1,0,9,4,26,7.62,4.15,1.04,0.338,74.2 %,65.1 %,21.4 %,3.81,4.81,4.27,0.1
Akeel Morris,12185,ATL,NULL,0,0,0,8,0,7.1,11.05,4.91,0,0.316,90.0 %,27.8 %,0.0 %,1.23,2.34,4.77,0.1
Kelvin Herrera,6033,KCA,NULL,3,3,26,64,0,59.1,8.49,3.03,1.37,0.295,70.2 %,47.5 %,14.5 %,4.25,4.3,4.19,0.1
Ryan Pressly,7005,MIN,NULL,2,3,0,57,0,61.1,8.95,2.79,1.47,0.264,66.7 %,50.6 %,18.5 %,4.7,4.36,3.81,0.1
Bobby Wahl,14832,OAK,NULL,0,0,0,7,0,7.2,9.39,4.7,0,0.348,69.2 %,22.7 %,0.0 %,4.7,3.03,5.35,0.1
Eric Skoglund,16155,KCA,NULL,1,2,0,7,5,18,7,6,1,0.431,56.1 %,36.4 %,7.7 %,9.5,5.05,6.17,0.1
Jeremy Hellickson,4371,- - -,NULL,8,11,0,30,30,164,5.27,2.58,1.92,0.246,66.3 %,34.9 %,15.1 %,5.43,5.77,5.51,0.1
Albert Suarez,6175,SFN,NULL,0,3,1,18,0,31.2,9.66,3.13,1.14,0.282,64.0 %,45.5 %,13.8 %,5.12,3.79,3.78,0.1
Donnie Hart,15306,BAL,NULL,2,0,0,51,0,43.2,5.98,2.68,1.03,0.309,79.3 %,53.1 %,10.6 %,3.71,4.49,4.91,0.1
Vance Worley,6435,MIA,NULL,2,6,1,24,12,71.2,6.28,3.77,1.13,0.378,64.5 %,48.6 %,13.0 %,6.91,4.9,4.98,0.1
Brandon Finnegan,16208,CIN,NULL,1,1,0,4,4,13,11.08,9,0.69,0.276,77.7 %,53.3 %,12.5 %,4.15,4.7,4.79,0.1
Wade LeBlanc,5221,PIT,NULL,5,2,1,50,0,68,7.15,2.25,1.32,0.269,69.1 %,45.9 %,15.4 %,4.5,4.28,4.06,0.1
Marco Gonzales,15467,- - -,NULL,1,1,0,11,8,40,7.2,2.48,1.8,0.383,73.6 %,45.4 %,17.8 %,6.08,5.06,4.46,0.1
Mark Leiter,15551,PHI,NULL,3,6,0,27,11,90.2,8.34,3.08,1.79,0.282,67.1 %,48.9 %,21.7 %,4.96,5.14,4.19,0.1
Luke Jackson,11752,ATL,NULL,2,0,0,43,0,50.2,5.86,3.38,0.71,0.311,71.8 %,45.2 %,6.8 %,4.62,4.24,5.29,0.1
Roberto Gomez,12963,SFN,NULL,0,0,0,4,0,5.1,10.13,1.69,0,0.474,50.0 %,31.6 %,0.0 %,8.44,1.47,3.8,0.1
Noe Ramirez,12800,- - -,NULL,0,0,0,12,0,13,9.69,3.46,1.38,0.143,73.2 %,46.7 %,18.2 %,2.77,4.16,3.66,0.1
Daniel Hudson,7146,PIT,NULL,2,7,0,71,0,61.2,9.63,4.82,1.02,0.313,71.6 %,43.3 %,11.9 %,4.38,4.34,4.57,0.1
Javy Guerra,7407,MIA,NULL,1,1,0,16,0,21,5.14,3,0.86,0.313,80.9 %,54.4 %,10.5 %,3,4.25,4.62,0.1
Eduardo Paredes,16344,LAA,NULL,0,1,1,18,0,22.1,6.85,2.42,0.81,0.297,69.9 %,46.9 %,9.1 %,4.43,4.01,4.6,0.1
A.J. Cole,11467,WSH,NULL,3,5,0,11,8,52,7.62,4.67,1.38,0.293,83.1 %,44.0 %,13.6 %,3.81,5.2,5.21,0.1
Clay Buchholz,3543,PHI,NULL,0,1,0,2,2,7.1,6.14,3.68,1.23,0.484,51.1 %,28.1 %,6.7 %,12.27,4.79,6.66,0.1
Hoby Milner,13346,PHI,NULL,0,0,0,37,0,31.1,6.32,4.6,0.57,0.295,91.1 %,45.3 %,6.1 %,2.01,4.5,5.54,0.1
Vince Velasquez,11189,PHI,NULL,2,7,0,15,15,72,8.5,4.25,1.88,0.303,74.4 %,42.5 %,20.8 %,5.13,5.52,4.59,0.1
Seung Hwan Oh,18719,STL,NULL,1,6,20,62,0,59.1,8.19,2.28,1.52,0.319,76.4 %,28.7 %,10.8 %,4.1,4.44,5.04,0.1
Craig Stammen,7274,SDN,NULL,2,3,0,60,0,80.1,8.29,3.14,1.34,0.263,85.0 %,51.6 %,17.4 %,3.14,4.38,3.96,0.1
Daniel Stumpf,13780,DET,NULL,0,1,0,55,0,37.2,7.88,3.58,1.19,0.305,80.9 %,42.7 %,12.2 %,3.82,4.49,4.7,0.1
Santiago Casilla,2873,OAK,NULL,4,5,16,63,0,59,8.69,3.36,1.22,0.301,76.2 %,40.1 %,12.1 %,4.27,4.41,4.64,0.1
Juan Minaya,10341,CWS,NULL,3,2,9,40,0,43.2,10.51,4.12,1.44,0.304,76.6 %,35.2 %,15.2 %,4.53,4.55,4.34,0.1
Ernesto Frieri,5178,TEX,NULL,0,1,0,6,0,7,6.43,7.71,0,0.3,66.7 %,31.6 %,0.0 %,5.14,4.3,6.84,0.1
Ryan Weber,10160,SEA,NULL,0,0,0,1,1,3.2,0,0,0,0.214,66.7 %,50.0 %,0.0 %,2.45,3.16,5.58,0.1
Tony Watson,3132,- - -,NULL,7,4,10,71,0,66.2,7.16,2.7,1.22,0.309,84.1 %,47.8 %,15.0 %,3.38,4.45,4.29,0.1
Kyle Kendrick,6230,BOS,NULL,0,2,0,2,2,8.1,3.24,3.24,1.08,0.447,45.9 %,44.7 %,9.1 %,12.96,5.08,5.87,0.1
Josh Smith,10946,OAK,NULL,2,1,0,26,0,35,6.43,3.86,0.77,0.296,65.5 %,45.9 %,7.5 %,4.89,4.13,5.05,0.1
Robbie Ross Jr.,6819,BOS,NULL,0,0,0,8,0,9,9,5,0,0.429,65.0 %,46.4 %,0.0 %,7,3.82,5.21,0.1
Carlos Ramirez,11743,TOR,NULL,0,0,0,12,0,16.2,7.56,1.62,1.62,0.081,86.2 %,27.5 %,13.6 %,2.7,4.54,4.55,0.1
Dillon Maples,14672,CHC,NULL,0,0,0,6,0,5.1,18.56,10.13,0,0.6,50.0 %,50.0 %,0.0 %,10.13,2.41,2.74,0.1
Ariel Miranda,17526,SEA,NULL,8,7,0,31,29,160,7.71,3.54,2.08,0.236,73.6 %,31.7 %,15.3 %,5.12,5.73,5.41,0.1
Nick Martinez,12730,TEX,NULL,3,8,0,23,18,111.1,5.42,2.26,2.1,0.276,68.0 %,41.6 %,18.6 %,5.66,5.8,5,0.1
Chaz Roe,9866,- - -,NULL,0,0,0,12,0,10.2,10.97,4.22,0.84,0.25,69.0 %,56.0 %,16.7 %,2.53,3.63,3.41,0.1
Dario Alvarez,14239,TEX,NULL,2,0,0,20,0,16.1,9.37,7.71,0.55,0.367,79.8 %,42.9 %,4.5 %,2.76,4.63,6.23,0.1
Jack Leathersich,12562,- - -,NULL,0,0,0,7,0,5,12.6,10.8,0,0.333,80.0 %,16.7 %,0.0 %,3.6,3.96,6.09,0.1
Zac Rosscup,9419,- - -,NULL,0,0,0,10,0,7.2,11.74,0,2.35,0.35,80.7 %,33.3 %,20.0 %,4.7,3.94,2.87,0.1
Huston Street,8258,LAA,NULL,0,0,0,4,0,4,6.75,2.25,0,0.182,100.0 %,36.4 %,0.0 %,0,2.41,4.19,0.1
Ryan Sherriff,12249,STL,NULL,2,1,0,13,0,14.1,9.42,2.51,1.26,0.289,85.5 %,65.0 %,20.0 %,3.14,3.93,3.35,0.1
Adam Liberatore,10637,LAD,NULL,0,0,0,4,0,3.1,13.5,5.4,0,0.375,80.0 %,62.5 %,0.0 %,2.7,1.96,1.96,0.1
Andrew Bailey,1368,LAA,NULL,2,0,0,4,0,4,4.5,0,0,0.091,100.0 %,27.3 %,0.0 %,0,2.16,4.38,0.1
Ubaldo Jimenez,3374,BAL,NULL,6,11,0,31,25,142.2,8.77,3.66,2.08,0.329,66.2 %,43.1 %,20.8 %,6.81,5.54,4.52,0.1
Kevin Siegrist,8180,- - -,NULL,1,1,1,46,0,39.1,9.84,5.03,1.14,0.337,74.6 %,35.8 %,12.2 %,4.81,4.38,4.58,0.1
Bryan Morris,10234,SFN,NULL,2,0,0,20,0,21,6.43,4.71,0.43,0.343,56.6 %,47.7 %,5.3 %,6.43,3.92,4.91,0.1
Jake Odorizzi,6397,TBA,NULL,10,8,0,28,28,143.1,7.97,3.83,1.88,0.227,72.5 %,30.6 %,15.5 %,4.14,5.43,5.1,0.1
Tyler Danish,15126,CWS,NULL,1,0,0,1,1,5,10.8,10.8,0,0.273,100.0 %,36.4 %,0.0 %,0,4.36,5.78,0.1
Mike Fiers,7754,HOU,NULL,8,10,0,29,28,153.1,8.57,3.64,1.88,0.299,73.2 %,42.9 %,19.5 %,5.22,5.43,4.62,0.1
Reyes Moronta,14966,SFN,NULL,0,0,0,7,0,6.2,14.85,4.05,1.35,0.357,92.1 %,46.7 %,20.0 %,2.7,3.16,2.54,0
Preston Claiborne,10500,TEX,NULL,0,0,0,1,0,2,9,0,0,0.625,40.0 %,25.0 %,0.0 %,13.5,1.16,5.6,0
Artie Lewicki,16731,DET,NULL,0,1,0,4,1,10.1,5.23,3.48,0.87,0.439,69.4 %,40.5 %,5.6 %,6.1,4.42,6.26,0
Taylor Williams,14899,MIL,NULL,0,0,0,5,0,4.2,7.71,3.86,0,0.286,83.3 %,42.9 %,0.0 %,1.93,2.73,3.49,0
Tanner Scheppers,10267,TEX,NULL,0,1,0,5,0,4,11.25,6.75,0,0.417,66.7 %,25.0 %,0.0 %,6.75,3.66,5.44,0
Dayan Diaz,11543,HOU,NULL,1,1,0,10,1,13,13.85,2.77,2.08,0.452,41.7 %,41.2 %,33.3 %,9,4,2.24,0
Tony Cingrani,12555,- - -,NULL,0,0,0,47,0,42.2,10.97,2.53,2.11,0.297,79.5 %,41.3 %,21.3 %,4.22,4.68,3.59,0
Drew Anderson,15130,PHI,NULL,0,0,0,2,0,2.1,7.71,3.86,0,0.545,0.0 %,27.3 %,0.0 %,23.14,2.73,5.78,0
Tyler Cloyd,8536,SEA,NULL,1,0,0,1,0,1,9,0,0,0.667,100.0 %,33.3 %,0.0 %,0,1.16,2.94,0
Reymin Guduan,13058,HOU,NULL,0,0,0,22,0,16,9,6.75,0.56,0.426,63.6 %,54.5 %,8.3 %,7.88,4.22,4.74,0
Andrew Kittredge,12828,TBA,NULL,0,1,0,15,0,15.1,8.22,3.52,1.17,0.25,92.6 %,46.5 %,13.3 %,1.76,4.2,4.25,0
Mike Wright,12586,BAL,NULL,0,0,0,13,0,25,10.08,2.52,1.8,0.318,69.0 %,43.7 %,20.8 %,5.76,4.72,3.83,0
J.D. Davis,16219,HOU,NULL,0,0,0,2,0,1.2,16.2,5.4,0,0.333,100.0 %,33.3 %,0.0 %,0,1.36,2.42,0
Fabio Castillo,2826,LAD,NULL,0,0,0,2,0,1.1,13.5,6.75,0,0.6,50.0 %,40.0 %,0.0 %,13.5,2.41,2.41,0
Pierce Johnson,13435,CHC,NULL,0,0,0,1,0,1,18,9,0,0.5,33.3 %,50.0 %,0.0 %,0,2.16,3.94,0
Pedro Beato,1330,PHI,NULL,0,0,0,1,0,0.2,13.5,0,0,0,100.0 %,100.0 %,0.0 %,0,0.16,0.16,0
Andrew Moore,17553,SEA,NULL,1,5,0,11,9,59,4.73,1.22,2.14,0.243,66.8 %,28.7 %,14.1 %,5.34,5.65,5.55,0
Mike Morin,13442,- - -,NULL,0,0,0,16,0,20,7.2,2.25,1.35,0.382,61.7 %,48.5 %,12.5 %,7.2,4.41,4.59,0
T.J. House,9121,TOR,NULL,0,0,0,2,0,2,4.5,4.5,0,0.375,75.0 %,25.0 %,0.0 %,4.5,3.66,5.44,0
Ashur Tolliver,10044,HOU,NULL,0,0,0,3,0,5,9,7.2,0,0.333,77.8 %,50.0 %,0.0 %,3.6,4.16,5.22,0
Brett Nicholas,11192,TEX,NULL,0,0,0,1,0,1,0,0,0,0.625,20.0 %,12.5 %,0.0 %,36,3.16,10.27,0
Mitch Moreland,3086,BOS,NULL,0,0,0,1,0,1,9,0,0,0.5,100.0 %,50.0 %,0.0 %,0,1.16,2.94,0
Jon Jay,5227,CHC,NULL,0,0,0,1,0,1,0,0,0,0.25,100.0 %,0.0 %,0.0 %,0,3.16,6.72,0
Thyago Vieira,14510,SEA,NULL,0,0,0,1,0,1,9,0,0,0,100.0 %,50.0 %,0.0 %,0,1.16,1.16,0
Dan Slania,15639,SFN,NULL,0,0,0,1,0,1,0,0,0,0,100.0 %,33.3 %,0.0 %,0,3.16,6.72,0
Jorge De La Rosa,2047,ARI,NULL,3,1,0,65,0,51.1,7.89,3.68,1.23,0.273,76.4 %,45.2 %,12.5 %,4.21,4.58,4.75,0
Brian Flynn,12027,KCA,NULL,0,0,0,1,0,2.1,0,0,0,0.375,66.7 %,37.5 %,0.0 %,3.86,3.16,5.44,0
Shane Carle,15258,COL,NULL,0,0,0,3,0,4,9,0,2.25,0.357,65.2 %,26.7 %,12.5 %,6.75,4.41,4.72,0
Hunter Wood,15091,TBA,NULL,0,0,0,1,0,0.1,0,0,0,0,100.0 %,0.0 %,0.0 %,0,3.16,8.49,0
Yovani Gallardo,8173,SEA,NULL,5,10,1,28,22,130.2,6.47,4.13,1.65,0.286,69.7 %,44.1 %,15.9 %,5.72,5.53,5.2,0
A.J. Griffin,11132,TEX,NULL,6,6,0,18,15,77.1,7.1,3.26,2.33,0.251,70.7 %,28.5 %,14.2 %,5.94,6.26,6.14,0
Daniel Descalso,8392,ARI,NULL,0,0,0,2,0,2,0,0,0,0,100.0 %,16.7 %,0.0 %,0,3.16,7.6,0
Sammy Solis,11457,WSH,NULL,1,0,1,30,0,26,9.69,4.5,1.38,0.269,61.2 %,46.5 %,14.8 %,5.88,4.5,4.35,0
Ryan Dull,13974,OAK,NULL,2,2,0,49,0,42,9.64,3.43,1.5,0.283,56.3 %,38.7 %,14.9 %,5.14,4.54,4.36,0
Kevin Shackelford,11012,CIN,NULL,0,0,0,26,0,30.2,11.15,3.82,1.76,0.32,79.8 %,58.0 %,25.0 %,4.7,4.79,3.64,0
Aaron Slegers,15231,MIN,NULL,0,1,0,4,3,15.1,5.28,3.52,1.76,0.2,43.5 %,46.8 %,16.7 %,6.46,5.7,5.25,0
Derek Law,13133,SFN,NULL,4,1,4,41,0,37.1,8.44,3.38,1.21,0.357,74.1 %,38.3 %,11.1 %,5.06,4.31,4.71,0
Brandon Workman,11428,BOS,NULL,1,1,0,33,0,39.2,8.39,2.5,1.59,0.283,81.6 %,43.2 %,16.7 %,3.18,4.49,4.08,0
Michael Martinez,7358,CLE,NULL,0,0,0,1,0,1,0,0,0,0.25,100.0 %,75.0 %,0.0 %,0,3.16,4.94,0
Mike Freeman,11241,SEA,NULL,0,0,0,1,0,1,0,0,0,0.5,66.7 %,16.7 %,0.0 %,9,3.16,6.72,0
Luis Sardinas,13153,SDN,NULL,0,0,0,1,0,1,0,0,0,0.25,100.0 %,75.0 %,0.0 %,0,3.16,4.94,0
Glenn Sparkman,15200,TOR,NULL,0,0,0,2,0,1,9,9,0,0.9,30.0 %,20.0 %,0.0 %,63,4.16,11.27,0
Tanner Scott,17586,BAL,NULL,0,0,0,2,0,1.2,10.8,10.8,0,0.4,50.0 %,20.0 %,0.0 %,10.8,4.36,5.42,0
Jason Hursh,14914,ATL,NULL,1,0,0,9,0,10.2,5.91,3.38,0.84,0.353,72.3 %,57.1 %,14.3 %,5.06,4.47,4.42,0
Jose Ruiz,14552,SDN,NULL,0,0,0,1,0,1,9,9,0,0,100.0 %,50.0 %,0.0 %,0,4.16,5.94,0
Kyle Crockett,15033,CLE,NULL,0,0,0,4,0,1.2,10.8,5.4,0,0.571,66.7 %,57.1 %,0.0 %,10.8,4.36,5.42,0
Shae Simmons,14200,SEA,NULL,0,2,0,9,0,7.2,9.39,4.7,1.17,0.176,30.3 %,44.4 %,11.1 %,7.04,4.33,4.72,0
Jake Esch,12756,SDN,NULL,0,0,0,1,0,0,0,18,0,0,100.0 %,0.0 %,0.0 %,0,9.16,9.16,0
Matt Koch,13420,ARI,NULL,0,0,0,1,0,0,0,9,0,1,0.0 %,0.0 %,0.0 %,27,6.16,7.94,0
Tyler Pill,12751,NYM,NULL,0,3,0,7,3,22,6.55,4.09,1.23,0.279,60.4 %,49.3 %,17.6 %,5.32,5.11,4.71,0
Chris Gimenez,7324,MIN,NULL,0,0,0,6,0,5,0,0,1.8,0.286,53.6 %,27.3 %,8.3 %,7.2,5.76,7.43,0
Jorge Lopez,14527,MIL,NULL,0,0,0,1,0,2,0,4.5,0,0.444,80.0 %,44.4 %,0.0 %,4.5,4.66,6.44,0
William Cuevas,13331,DET,NULL,0,0,0,1,0,0.1,27,0,0,1,0.0 %,0.0 %,0.0 %,108,6.16,11.49,0
Roenis Elias,12673,BOS,NULL,0,0,0,1,0,0.1,27,27,0,0,100.0 %,0.0 %,0.0 %,0,6.16,6.16,0
Austin Adams,13801,WSH,NULL,0,0,0,6,0,5,18,14.4,0,0.4,69.2 %,40.0 %,0.0 %,3.6,4.56,5.62,0
Carson Fulmer,18311,CWS,NULL,3,1,0,7,5,23.1,7.33,5.01,1.54,0.19,82.7 %,28.8 %,11.1 %,3.86,5.69,6.2,0
Tommy Layne,7501,NYY,NULL,0,0,0,19,0,13,6.23,5.54,0.69,0.341,55.1 %,46.7 %,9.1 %,7.62,4.85,5.36,0
Erick Aybar,4082,SDN,NULL,0,0,0,2,0,1.1,0,6.75,0,0,100.0 %,66.7 %,0.0 %,0,5.41,6.74,0
Hernan Perez,5751,MIL,NULL,0,0,0,1,0,1,0,9,0,0.25,100.0 %,25.0 %,0.0 %,0,6.16,9.72,0
Jose Torres,14957,SDN,NULL,7,4,1,62,0,68.1,8.3,2.11,1.71,0.266,75.6 %,35.4 %,14.4 %,4.21,4.66,4.53,0
David Goforth,12166,MIL,NULL,0,0,0,1,0,1,0,9,0,0,100.0 %,33.3 %,0.0 %,0,6.16,7.94,0
Cody Martin,12182,SEA,NULL,0,0,0,1,0,2,0,9,0,0.455,42.9 %,36.4 %,0.0 %,13.5,6.16,10.6,0
Zac Curtis,16684,- - -,NULL,0,0,0,6,0,8.1,6.48,3.24,1.08,0.208,72.9 %,41.7 %,10.0 %,1.08,5.08,5.65,0
Carter Capps,12803,SDN,NULL,0,0,0,11,0,12.1,5.11,1.46,1.46,0.263,44.6 %,52.5 %,16.7 %,6.57,4.62,4.24,0
Silvino Bracho,15051,ARI,NULL,0,0,0,21,0,20.2,10.89,3.05,2.18,0.26,61.1 %,43.6 %,19.2 %,5.66,4.9,3.99,0
Jack Flaherty,17479,STL,NULL,0,2,0,6,5,21.1,8.44,4.22,1.69,0.322,66.9 %,47.6 %,21.1 %,6.33,5.27,4.41,0
Jesus Sucre,5942,TBA,NULL,0,0,0,1,0,1,0,18,0,0.4,25.0 %,0.0 %,0.0 %,27,9.16,12.72,0
Jake Diekman,5003,TEX,NULL,0,0,1,11,0,10.2,10.97,8.44,0.84,0.143,87.3 %,59.1 %,16.7 %,2.53,4.75,4.53,0
Edgar Santana,17355,PIT,NULL,0,0,0,19,0,18,10,6,1,0.304,80.2 %,44.7 %,14.3 %,3.5,4.55,4.49,0
Taylor Jungmann,13119,MIL,NULL,0,0,0,1,0,0.2,13.5,13.5,0,0.667,75.0 %,66.7 %,0.0 %,13.5,9.16,11.83,0
Josh Edgin,10796,NYM,NULL,0,1,1,46,0,37,6.57,4.38,0.73,0.319,79.6 %,47.4 %,7.5 %,3.65,4.62,5.49,0
Jairo Labourt,14996,DET,NULL,0,0,0,6,0,6,6,10.5,0,0.235,72.7 %,41.2 %,0.0 %,4.5,5.32,7.99,0
Austin Brice,17237,CIN,NULL,0,0,0,22,0,32.2,7.16,1.93,1.65,0.284,72.3 %,50.5 %,18.8 %,4.96,4.87,4.23,0
Brock Stewart,16727,LAD,NULL,0,0,1,17,4,34.1,7.6,4.98,1.05,0.255,70.8 %,41.1 %,10.5 %,3.41,4.73,5.18,0
Craig Breslow,4363,- - -,NULL,1,1,0,37,0,35.1,5.86,3.57,1.02,0.319,70.0 %,39.8 %,8.5 %,5.09,4.69,5.58,0
Marc Rzepczynski,6612,SEA,NULL,2,2,1,64,0,31.1,7.18,5.74,0.57,0.303,72.0 %,70.0 %,15.4 %,4.02,4.4,4.31,0
Anthony Bass,7982,TEX,NULL,0,0,0,2,0,5.2,1.59,0,1.59,0.448,39.7 %,43.3 %,11.1 %,14.29,5.1,5.63,0
Zach Lee,11468,SDN,NULL,1,0,0,3,1,8,6.75,9,1.13,0.269,75.3 %,40.7 %,7.7 %,5.63,6.28,7.55,0
Damien Magnifico,13395,LAA,NULL,0,0,0,1,0,0.1,27,54,0,0,100.0 %,0.0 %,0.0 %,0,15.16,15.16,0
Arcenio Leon,8846,DET,NULL,0,0,0,6,0,6.2,2.7,8.1,0,0.304,30.8 %,47.8 %,0.0 %,12.15,5.26,7.13,0
Max Povse,16165,SEA,NULL,0,0,0,3,0,3.2,4.91,2.45,2.45,0.471,58.1 %,33.3 %,12.5 %,7.36,6.43,6.77,0
John Curtiss,16128,MIN,NULL,0,0,0,9,0,8.2,10.38,2.08,2.08,0.304,43.5 %,24.0 %,14.3 %,8.31,4.89,4.76,0
Jason Gurka,8007,LAA,NULL,0,0,0,3,0,0.2,0,13.5,0,0.5,100.0 %,0.0 %,0.0 %,0,7.66,12.99,0
Miguel Montero,3364,CHC,NULL,0,0,0,1,0,1,0,18,0,0,100.0 %,33.3 %,0.0 %,0,9.16,10.94,0
Nori Aoki,13075,HOU,NULL,0,0,0,1,0,1,0,18,0,0.25,0.0 %,25.0 %,0.0 %,27,9.16,10.94,0
Miguel Almonte,14139,KCA,NULL,0,0,0,2,0,2,0,9,0,0.5,57.1 %,50.0 %,0.0 %,13.5,6.16,8.83,0
Leonel Campos,12277,TOR,NULL,0,0,0,13,0,13.2,9.88,5.27,1.32,0.265,81.4 %,38.9 %,11.1 %,2.63,4.84,5.28,0
Caleb Smith,14875,NYY,NULL,0,1,0,9,2,18.2,8.68,4.82,1.93,0.315,59.1 %,27.6 %,16.0 %,7.71,5.62,5.22,0
J.J. Hoover,9037,ARI,NULL,3,1,0,52,0,41.1,11.76,5.66,1.52,0.367,84.1 %,32.8 %,15.2 %,3.92,4.71,4.48,0
Wily Peralta,7738,MIL,NULL,5,4,0,19,8,57.1,8.16,5.02,1.57,0.362,59.8 %,44.5 %,16.4 %,7.85,5.34,4.96,0
Justin Haley,13572,MIN,NULL,0,0,1,10,0,18,7,3,1.5,0.333,68.6 %,38.3 %,20.0 %,6,4.94,4.25,0
Taylor Cole,11964,TOR,NULL,0,0,0,1,0,1,9,9,0,0.857,50.0 %,57.1 %,0.0 %,36,7.16,7.16,0
Stefan Crichton,16058,BAL,NULL,0,0,0,8,0,12.1,5.84,2.92,1.46,0.5,69.9 %,46.0 %,13.3 %,8.03,4.94,5,0
Jairo Diaz,12774,COL,NULL,0,0,0,4,0,5,3.6,9,0,0.545,66.7 %,59.1 %,0.0 %,9,5.96,7.02,0
Chad Qualls,2170,COL,NULL,1,1,0,19,0,16.2,5.94,2.7,1.62,0.264,61.8 %,57.4 %,17.6 %,5.4,5.08,4.55,0
Jayson Aquino,13150,BAL,NULL,1,2,0,4,2,13.1,8.78,4.05,2.7,0.282,58.4 %,44.2 %,21.1 %,7.43,6.46,5.09,0
Chris Smith,14449,TOR,NULL,0,0,0,4,0,5,1.8,1.8,1.8,0.3,75.8 %,33.3 %,8.3 %,5.4,5.96,7.63,0
Jen-Ho Tseng,15524,CHC,NULL,1,0,0,2,1,6,12,3,3,0.231,57.7 %,33.3 %,28.6 %,7.5,6.32,4.07,0
Aaron Sanchez,11490,TOR,NULL,1,3,0,8,8,36,6,5,1.5,0.31,71.4 %,47.5 %,17.1 %,4.25,5.74,5.3,0
Diego Moreno,6238,TBA,NULL,0,1,0,5,0,5.2,9.53,3.18,1.59,0.313,65.8 %,41.2 %,16.7 %,4.76,4.92,4.51,0
Wei-Chung Wang,14382,MIL,NULL,0,0,0,8,0,1.1,13.5,0,6.75,0.667,83.3 %,42.9 %,50.0 %,13.5,9.91,2.83,0
Rubby de la Rosa,3862,ARI,NULL,0,1,0,9,0,7.2,14.09,4.7,2.35,0.313,85.4 %,35.3 %,28.6 %,4.7,4.98,3.22,0
Dan Altavilla,16507,SEA,NULL,1,1,0,41,0,46.2,10.03,3.86,1.74,0.281,72.0 %,36.2 %,14.8 %,4.24,4.79,4.6,0
Jandel Gustave,14665,HOU,NULL,0,0,0,6,0,5,3.6,12.6,0,0.313,66.7 %,50.0 %,0.0 %,5.4,6.56,9.05,0
Lucas Harrell,7541,TOR,NULL,0,0,0,4,0,6.1,8.53,5.68,1.42,0.409,71.4 %,43.5 %,20.0 %,7.11,5.21,4.56,0
Jharel Cotton,13654,OAK,NULL,9,10,0,24,24,129,7.33,3.7,1.95,0.279,65.7 %,37.0 %,15.3 %,5.58,5.68,5.38,-0.1
Randy Rosario,14508,MIN,NULL,0,0,0,2,0,2.1,7.71,0,3.86,0.545,0.0 %,66.7 %,33.3 %,30.86,8.3,5.02,-0.1
Chih-Wei Hu,16419,TBA,NULL,1,1,0,6,0,10,8.1,3.6,1.8,0.12,80.7 %,37.0 %,15.4 %,2.7,5.16,4.87,-0.1
Andrew Romine,1159,DET,NULL,0,0,0,2,0,1,0,9,0,0.25,100.0 %,25.0 %,0.0 %,0,9.16,10.94,-0.1
Rob Whalen,14165,SEA,NULL,0,1,0,2,1,7.1,2.45,2.45,1.23,0.25,62.5 %,40.0 %,11.1 %,6.14,6.02,6.43,-0.1
Rob Brantly,10655,CWS,NULL,0,0,0,1,0,1,0,0,9,0,100.0 %,50.0 %,50.0 %,9,16.16,6.72,-0.1
Tyler White,15564,HOU,NULL,0,0,0,1,0,1,0,0,9,0.25,0.0 %,40.0 %,33.3 %,18,16.16,8.49,-0.1
Rob Zastryzny,15094,CHC,NULL,0,0,0,4,0,13,7.62,4.85,1.38,0.415,57.9 %,50.0 %,16.7 %,8.31,5.31,4.95,-0.1
Glen Perkins,8041,MIN,NULL,0,0,0,8,0,5.2,3.18,7.94,0,0.333,62.5 %,37.5 %,0.0 %,9.53,6.69,10.14,-0.1
Leonys Martin,11846,CHC,NULL,0,0,0,1,0,0.2,0,0,13.5,0.5,62.5 %,40.0 %,50.0 %,27,22.66,8.49,-0.1
Luke Gregerson,4090,HOU,NULL,2,3,1,65,0,61,10.33,2.95,1.92,0.306,79.9 %,50.0 %,23.6 %,4.57,4.62,3.45,-0.1
Andres Blanco,1907,PHI,NULL,0,0,0,1,0,0.1,0,0,27,0,100.0 %,0.0 %,50.0 %,27,42.16,13.83,-0.1
Jackson Stephens,14420,CIN,NULL,2,1,0,7,4,25,7.56,3.24,2.16,0.203,77.7 %,36.2 %,18.8 %,4.68,5.8,4.95,-0.1
Kyle Lloyd,15378,SDN,NULL,0,0,0,1,1,4,4.5,4.5,2.25,0.333,60.6 %,31.3 %,25.0 %,9,6.91,5.44,-0.1
Jonathan Broxton,4759,STL,NULL,0,1,0,20,0,15.2,9.19,6.32,1.15,0.429,70.5 %,42.6 %,14.3 %,6.89,4.88,4.81,-0.1
Dylan Floro,13394,CHC,NULL,0,0,0,3,0,9.2,5.59,1.86,1.86,0.382,72.4 %,50.0 %,18.2 %,6.52,5.54,4.87,-0.1
Jean Machi,3220,SEA,NULL,1,0,0,5,0,7.2,4.7,4.7,1.17,0.273,93.8 %,52.2 %,11.1 %,1.17,5.38,5.77,-0.1
Keury Mella,15964,CIN,NULL,0,0,0,2,0,4,2.25,4.5,2.25,0.267,71.4 %,31.3 %,50.0 %,6.75,7.41,5.05,-0.1
Evan Marshall,12297,SEA,NULL,0,0,0,6,0,7.2,4.7,5.87,1.17,0.393,57.7 %,34.5 %,7.7 %,9.39,5.77,7.09,-0.1
Justin Marks,10265,TBA,NULL,0,0,0,1,0,1.1,6.75,6.75,6.75,0.25,100.0 %,40.0 %,100.0 %,6.75,13.66,5.24,-0.1
Victor Alcantara,15028,DET,NULL,0,0,0,6,0,7.1,6.14,4.91,1.23,0.407,66.3 %,53.6 %,14.3 %,8.59,6.02,5.95,-0.1
Tim Melville,9149,- - -,NULL,0,1,0,3,1,5.2,11.12,9.53,1.59,0.4,47.6 %,37.5 %,16.7 %,11.12,6.69,6.28,-0.1
Tyler Wilson,12691,BAL,NULL,2,2,0,9,1,15.1,5.28,2.35,1.76,0.358,57.0 %,38.2 %,17.6 %,7.04,5.51,4.93,-0.1
Luis Santos,15006,TOR,NULL,0,1,1,10,0,16.2,8.64,2.16,2.16,0.25,100.0 %,33.3 %,16.0 %,2.7,5.08,4.63,-0.1
Seth Frankoff,11346,CHC,NULL,0,1,0,1,0,2,9,0,4.5,0.5,76.9 %,42.9 %,33.3 %,9,7.66,3.83,-0.1
Carlos Ruiz,2579,SEA,NULL,0,0,0,1,0,1,9,18,9,0.333,100.0 %,25.0 %,33.3 %,9,20.16,12.49,-0.1
Ben Taylor,18114,BOS,NULL,0,1,1,14,0,17.1,9.35,4.67,1.56,0.34,76.6 %,26.4 %,11.5 %,5.19,4.89,5.31,-0.1
Scooter Gennett,10339,CIN,NULL,0,0,0,1,0,1,0,9,9,0.25,76.9 %,60.0 %,50.0 %,18,22.16,12.72,-0.1
Miguel Socolovich,6697,STL,NULL,0,1,1,15,0,18.2,6.75,1.93,1.93,0.365,47.5 %,33.3 %,13.3 %,8.68,5.41,5.48,-0.1
Adam Conley,14457,MIA,NULL,8,8,0,22,20,102.2,6.31,3.68,1.67,0.295,65.5 %,39.6 %,13.9 %,6.14,5.62,5.59,-0.1
Drew Rucinski,12499,MIN,NULL,0,0,0,2,0,4.1,10.38,4.15,4.15,0.571,76.1 %,56.3 %,40.0 %,10.38,8.23,4.29,-0.1
Neil Ramirez,7677,- - -,NULL,0,1,0,29,0,31.1,12.64,6.03,1.72,0.358,55.6 %,31.0 %,14.0 %,7.18,4.94,4.9,-0.1
Ryan Garton,14016,- - -,NULL,0,1,0,20,0,22,6.55,2.45,1.64,0.219,65.2 %,41.8 %,16.7 %,4.91,4.88,4.46,-0.1
Sandy Alcantara,18684,STL,NULL,0,0,0,8,0,8.1,10.8,6.48,2.16,0.333,73.8 %,26.1 %,28.6 %,4.32,6.04,4.41,-0.1
Trevor Gott,15046,WSH,NULL,1,0,0,4,0,3,9,9,3,0.625,31.8 %,35.3 %,16.7 %,30,8.49,7.72,-0.1
Kyle Martin,14860,BOS,NULL,0,0,0,2,0,2.1,3.86,7.71,3.86,0.143,100.0 %,62.5 %,100.0 %,3.86,10.44,5.63,-0.1
Jeff Ferrell,11506,DET,NULL,0,0,0,11,0,9.1,5.79,4.82,1.93,0.417,78.1 %,31.6 %,13.3 %,6.75,6.26,6.34,-0.1
Matt Wisler,12804,ATL,NULL,0,1,0,20,1,32.1,6.12,3.62,1.39,0.342,52.9 %,31.9 %,9.1 %,8.35,5.2,6.21,-0.1
Ronald Herrera,15688,NYY,NULL,0,1,0,2,0,3,9,3,3,0.25,83.3 %,66.7 %,50.0 %,6,7.49,4.34,-0.1
Jake Buchanan,10962,CIN,NULL,0,0,0,5,0,14.1,2.51,4.4,0.63,0.371,64.4 %,57.4 %,7.7 %,8.16,5.6,6.31,-0.1
Deolis Guerra,8410,LAA,NULL,2,2,0,19,0,25,7.92,4.32,1.44,0.239,72.0 %,37.1 %,10.8 %,4.68,4.92,5.47,-0.1
Luis Cessa,13345,NYY,NULL,0,3,0,10,5,36,7.5,4.25,1.75,0.282,75.8 %,45.5 %,17.5 %,4.75,5.69,5.13,-0.1
Hunter Cervenka,10510,MIA,NULL,0,0,0,5,0,4.2,11.57,15.43,0,0.125,27.3 %,42.9 %,0.0 %,15.43,7.01,8.16,-0.1
Kevin McGowan,15215,NYM,NULL,0,0,0,8,0,8.2,8.31,6.23,2.08,0.25,80.4 %,34.6 %,13.3 %,5.19,6.39,6.47,-0.1
Alejandro Chacin,13530,CIN,NULL,0,0,0,6,0,6,9,6,3,0.45,65.6 %,36.4 %,20.0 %,10.5,7.49,6.12,-0.1
Jeremy Guthrie,2072,WSH,NULL,0,1,0,1,1,0.2,0,54,0,0.75,0.0 %,25.0 %,0.0 %,135,21.16,29.16,-0.1
Dan Jennings,8073,- - -,NULL,3,1,0,77,0,62.2,7.32,4.45,1.15,0.256,78.6 %,59.8 %,21.1 %,3.45,4.72,4.14,-0.1
Jace Fry,16159,CWS,NULL,0,0,0,11,0,6.2,4.05,6.75,1.35,0.407,57.7 %,42.9 %,14.3 %,10.8,6.46,6.38,-0.1
Nick Gardewine,16513,TEX,NULL,0,0,0,12,0,8,3.38,7.88,1.13,0.31,57.7 %,46.7 %,20.0 %,5.63,6.66,6.14,-0.1
Henderson Alvarez,5669,PHI,NULL,0,1,0,3,3,14.2,3.68,6.75,1.23,0.25,81.1 %,46.0 %,11.8 %,4.3,6.36,6.65,-0.1
Adam Ottavino,1247,COL,NULL,2,3,0,63,0,53.1,10.63,6.58,1.35,0.31,76.4 %,37.2 %,14.3 %,5.06,5.16,5.08,-0.1
Gabriel Moya,16348,MIN,NULL,0,0,1,7,0,6.1,7.11,2.84,2.84,0.176,95.2 %,31.6 %,20.0 %,4.26,6.63,5.33,-0.1
Miguel Castro,15684,BAL,NULL,3,3,0,39,1,66.1,5.16,3.8,1.09,0.227,75.2 %,49.3 %,11.8 %,3.53,4.94,5.19,-0.1
Jhan Marinez,5830,- - -,NULL,0,3,0,43,0,58.1,6.94,4.01,0.93,0.326,80.1 %,50.6 %,11.3 %,3.7,4.65,4.93,-0.1
Jason Wheeler,13128,MIN,NULL,0,0,0,2,0,3,0,12,3,0.385,58.1 %,50.0 %,33.3 %,9,11.49,8.94,-0.1
Dovydas Neverauskas,11604,PIT,NULL,1,1,0,24,0,25.1,6.04,2.84,1.42,0.267,80.3 %,42.9 %,14.8 %,3.91,4.93,4.78,-0.1
Sam Moll,14874,OAK,NULL,0,0,0,11,0,6.2,9.45,4.05,2.7,0.478,60.6 %,37.5 %,20.0 %,10.8,6.31,5.08,-0.1
Sean Gilmartin,12781,NYM,NULL,0,0,0,2,0,3.1,10.8,2.7,5.4,0.5,64.5 %,46.2 %,50.0 %,13.5,9.46,3.79,-0.1
Steven Okert,13580,SFN,NULL,1,1,0,44,0,27,7.33,3.67,1,0.266,59.2 %,30.4 %,7.9 %,5.67,4.53,5.59,-0.1
Shawn Armstrong,12857,CLE,NULL,1,0,0,21,0,24.2,7.3,3.65,1.82,0.25,81.5 %,39.0 %,14.7 %,4.38,5.51,5.33,-0.1
Josh Lucas,11686,STL,NULL,0,0,0,5,0,7.1,8.59,4.91,2.45,0.278,97.8 %,60.0 %,40.0 %,3.68,6.84,4.51,-0.1
Walker Buehler,19374,LAD,NULL,1,0,0,8,0,9.1,11.57,7.71,1.93,0.409,67.9 %,66.7 %,50.0 %,7.71,5.94,3.92,-0.1
Jimmy Yacabonis,15157,BAL,NULL,2,0,0,14,0,20.2,3.48,6.1,0.87,0.242,75.3 %,48.5 %,7.7 %,4.35,5.67,6.65,-0.1
Cesar Valdez,9013,- - -,NULL,1,1,0,11,4,30.2,6.16,3.23,2.05,0.34,55.6 %,43.0 %,21.2 %,7.63,5.93,4.88,-0.1
Luke Farrell,15101,- - -,NULL,0,0,0,10,1,13,6.23,6.92,1.38,0.25,72.9 %,35.0 %,9.5 %,5.54,6.08,6.95,-0.1
Jake Petricka,10534,CWS,NULL,1,1,0,27,0,25.2,9.12,2.1,2.1,0.398,66.5 %,47.2 %,25.0 %,7.01,4.99,3.61,-0.1
Yohander Mendez,14391,TEX,NULL,0,1,0,7,0,12.1,5.11,2.19,2.19,0.263,62.5 %,34.1 %,15.8 %,5.11,6.16,5.74,-0.1
Tyler Webb,14974,- - -,NULL,0,0,0,9,0,8,9,5.63,2.25,0.333,80.4 %,43.5 %,40.0 %,5.63,6.28,4.14,-0.1
Chris Volstad,9901,CWS,NULL,1,2,0,6,2,19.1,4.66,2.33,1.86,0.214,67.1 %,61.7 %,25.0 %,4.66,5.74,4.53,-0.1
Dietrich Enns,13932,MIN,NULL,0,0,0,2,1,4,4.5,2.25,4.5,0.313,76.9 %,38.9 %,22.2 %,6.75,9.41,6.91,-0.1
Christian Bethancourt,10028,SDN,NULL,0,0,0,4,0,3.2,4.91,19.64,2.45,0.357,39.7 %,40.0 %,16.7 %,14.73,12.16,11.52,-0.1
Daniel Gossett,16164,OAK,NULL,4,11,0,18,18,91.1,7.09,3.05,2.07,0.328,68.0 %,43.1 %,21.2 %,6.11,5.59,4.53,-0.1
Aaron Blair,14934,ATL,NULL,0,1,0,1,1,3,9,15,3,0.4,58.1 %,50.0 %,25.0 %,15,10.49,8.53,-0.1
Ricardo Rodriguez,15458,TEX,NULL,0,1,1,16,0,13,7.62,2.77,2.08,0.341,73.0 %,32.6 %,18.8 %,6.23,5.62,4.81,-0.1
Mike Mayers,15451,STL,NULL,0,0,0,3,0,4.2,5.79,7.71,3.86,0.375,43.5 %,27.8 %,22.2 %,11.57,10.01,7.87,-0.1
Chris Rowley,18820,TOR,NULL,1,2,0,6,3,18.2,5.3,4.82,1.93,0.313,70.4 %,39.4 %,14.8 %,6.75,6.37,6.16,-0.2
Zac Reininger,15285,DET,NULL,0,0,0,10,0,9.2,4.66,2.79,2.79,0.361,74.3 %,38.5 %,18.8 %,7.45,7.09,6,-0.2
Yacksel Rios,15007,PHI,NULL,1,0,0,13,0,16.1,9.37,4.96,2.2,0.256,87.0 %,34.8 %,18.2 %,4.41,5.91,5.13,-0.2
Drew Storen,6983,CIN,NULL,4,2,1,58,0,54.2,7.9,3.79,1.15,0.316,72.3 %,50.0 %,13.2 %,4.45,4.88,4.94,-0.2
Andres Machado,14681,KCA,NULL,0,0,0,2,0,3.2,2.45,7.36,4.91,0.444,39.2 %,50.0 %,25.0 %,22.09,12.16,8.95,-0.2
Simon Castro,9243,OAK,NULL,1,3,0,26,0,37,8.51,3.41,1.7,0.263,73.3 %,32.7 %,14.0 %,4.38,5.02,4.97,-0.2
Kyle Ryan,11753,DET,NULL,0,0,0,8,0,5.2,1.59,11.12,0,0.429,68.8 %,52.4 %,0.0 %,7.94,6.51,7.77,-0.2
Zach Neal,11294,OAK,NULL,0,0,0,6,0,14.2,6.14,0.61,3.07,0.286,53.9 %,40.7 %,23.8 %,7.98,6.43,4.55,-0.2
Wilmer Font,5257,LAD,NULL,0,0,0,3,0,3.2,7.36,9.82,4.91,0.385,48.8 %,26.7 %,28.6 %,17.18,11.88,8.19,-0.2
Evan Scribner,7525,SEA,NULL,0,2,0,8,0,7.1,7.36,0,3.68,0.4,45.5 %,33.3 %,37.5 %,11.05,6.84,3.46,-0.2
Tyson Ross,7872,TEX,NULL,3,3,0,12,10,49,6.61,6.8,1.29,0.303,58.0 %,46.8 %,13.0 %,7.71,6.18,6.28,-0.2
Alex Wimmers,11394,MIN,NULL,0,0,0,6,0,7.1,8.59,9.82,2.45,0.286,90.9 %,34.8 %,16.7 %,4.91,8.07,7.43,-0.2
Jeff Beliveau,8504,TOR,NULL,1,1,0,19,0,15.2,9.77,3.45,2.3,0.31,54.4 %,40.0 %,20.0 %,7.47,5.65,4.6,-0.2
Dan Runzler,4080,PIT,NULL,0,0,0,8,0,4,9,4.5,4.5,0.417,80.7 %,38.5 %,33.3 %,4.5,9.16,5.33,-0.2
Jake Thompson,14371,PHI,NULL,3,2,0,11,8,46.1,6.8,4.27,1.75,0.295,77.6 %,46.3 %,16.1 %,3.88,5.92,5.54,-0.2
Jose De Leon,15463,TBA,NULL,1,0,0,1,0,2.2,6.75,10.13,3.38,0.333,71.4 %,60.0 %,33.3 %,10.13,9.91,7.03,-0.2
Kevin Plawecki,13807,NYM,NULL,0,0,0,2,0,3,0,0,9,0.182,100.0 %,35.7 %,37.5 %,12,16.16,7.9,-0.2
Buddy Boshers,8490,MIN,NULL,1,0,0,38,0,35,7.2,2.57,1.8,0.283,74.0 %,45.5 %,18.4 %,4.89,5.19,4.52,-0.2
Matt Strahm,13799,KCA,NULL,2,5,0,24,3,34.2,9.61,5.71,1.56,0.279,70.8 %,37.1 %,15.4 %,5.45,5.44,5.19,-0.2
Jacob Rhame,15267,NYM,NULL,1,1,0,9,0,9,7,7,2,0.345,61.7 %,36.7 %,15.4 %,9,6.82,6.5,-0.2
Tony Sipp,8280,HOU,NULL,0,1,0,46,0,37.1,9.4,3.86,1.93,0.277,67.0 %,49.1 %,20.0 %,5.79,5.22,4.34,-0.2
Hector Santiago,4026,MIN,NULL,4,8,0,15,14,70.1,6.53,3.97,1.92,0.263,72.9 %,30.2 %,13.2 %,5.63,6.02,6.13,-0.2
Austin Bibens-Dirkx,9559,TEX,NULL,5,2,0,24,6,69.1,4.93,2.6,1.82,0.268,78.8 %,39.9 %,15.2 %,4.67,5.68,5.42,-0.2
Joe Jimenez,15761,DET,NULL,0,2,0,24,0,19,8.05,4.26,1.89,0.403,38.5 %,34.3 %,13.3 %,12.32,5.84,5.91,-0.2
Onelki Garcia,13674,KCA,NULL,0,1,0,2,1,6,3,7.5,3,0.435,56.3 %,56.0 %,22.2 %,13.5,9.32,7.66,-0.2
John Gant,13684,STL,NULL,0,1,0,7,2,17.1,5.71,5.19,2.08,0.26,84.8 %,53.7 %,22.2 %,4.67,6.79,5.64,-0.2
Ian Kennedy,6986,KCA,NULL,5,13,0,30,30,154,7.66,3.56,1.99,0.257,68.2 %,36.0 %,15.7 %,5.38,5.61,5.25,-0.2
Josh Ravin,2951,LAD,NULL,0,1,1,14,0,16.2,10.26,4.86,2.16,0.211,61.0 %,38.1 %,21.1 %,6.48,5.8,4.71,-0.2
Chase De Jong,15036,SEA,NULL,0,3,0,7,4,28.1,4.13,4.13,1.59,0.277,64.9 %,30.6 %,10.6 %,6.35,5.91,6.57,-0.2
Michael Brady,8461,OAK,NULL,0,0,0,16,0,31.2,6.82,1.71,1.99,0.277,64.3 %,33.7 %,14.9 %,5.68,5.56,5.32,-0.2
Zach Duke,3840,STL,NULL,1,1,0,27,0,18.1,5.89,2.95,1.47,0.196,77.4 %,50.9 %,18.8 %,3.93,5.28,4.71,-0.2
Christian Bergman,10925,SEA,NULL,4,5,0,13,8,54,5.5,2.5,2,0.293,77.2 %,37.7 %,16.9 %,5,5.82,5.27,-0.2
Buddy Baumann,9309,SDN,NULL,2,1,0,23,0,17.2,10.7,3.57,2.04,0.189,100.0 %,34.1 %,16.7 %,2.55,5.42,4.89,-0.2
Eric O'Flaherty,5746,ATL,NULL,0,0,0,22,0,18.1,7.36,4.42,1.96,0.291,55.6 %,47.4 %,20.0 %,7.85,5.83,4.93,-0.2
Jordan Jankowski,13313,HOU,NULL,1,0,0,3,0,4.1,10.38,4.15,6.23,0.333,62.5 %,21.4 %,33.3 %,12.46,11.23,5.93,-0.2
Ian Krol,10066,ATL,NULL,2,2,0,51,0,49,8.08,3.86,1.47,0.307,64.3 %,41.3 %,15.4 %,5.33,5.01,4.78,-0.2
Seth Maness,12235,KCA,NULL,1,0,0,8,0,9.2,3.72,1.86,2.79,0.361,94.2 %,51.3 %,33.3 %,3.72,6.99,4.61,-0.2
J.P. Howell,8245,TOR,NULL,1,1,0,16,0,11,4.91,5.73,1.64,0.297,64.0 %,57.9 %,25.0 %,7.36,6.34,5.27,-0.2
Tom Wilhelmsen,9975,ARI,NULL,1,1,0,27,0,26.1,5.81,4.1,1.37,0.266,77.2 %,49.4 %,13.3 %,4.44,5.32,5.37,-0.2
Michael Tonkin,10315,MIN,NULL,0,1,0,16,0,21,10.29,5.14,2.57,0.296,75.2 %,35.0 %,23.1 %,5.14,6.44,4.93,-0.2
Brooks Pounders,10387,LAA,NULL,1,0,0,11,0,10.1,10.45,4.35,3.48,0.406,63.2 %,25.7 %,23.5 %,10.45,7.61,5.5,-0.2
Dillon Overton,15627,- - -,NULL,0,1,0,10,2,23,4.3,1.57,2.35,0.296,60.2 %,40.7 %,17.1 %,6.65,6.24,5.56,-0.2
Blaine Hardy,6499,DET,NULL,1,0,0,35,0,33.1,7.56,3.51,1.89,0.361,71.1 %,33.0 %,13.7 %,5.94,5.38,5.37,-0.2
Sam Gaviglio,12778,- - -,NULL,4,5,0,16,13,74.1,5.93,3.15,1.94,0.274,77.5 %,49.4 %,21.3 %,4.36,5.81,4.8,-0.2
Braden Shipley,15158,ARI,NULL,0,1,0,10,3,25,6.48,5.4,1.8,0.313,72.5 %,42.5 %,13.9 %,5.76,6.24,6.2,-0.2
John Axford,9059,OAK,NULL,0,1,0,22,0,21,9,7.29,1.29,0.364,71.8 %,50.0 %,17.6 %,6.43,5.73,5.31,-0.2
Josh Smoker,10285,NYM,NULL,1,2,0,54,0,56.1,10.86,5.11,1.6,0.351,76.5 %,42.9 %,17.9 %,5.11,4.92,4.38,-0.2
Johnny Barbato,11440,PIT,NULL,0,1,0,24,0,28.2,7.22,5.65,1.26,0.253,81.2 %,37.9 %,11.8 %,4.08,5.46,5.76,-0.2
Grant Dayton,11203,LAD,NULL,1,1,0,29,0,23.2,7.61,4.56,1.9,0.215,75.0 %,31.3 %,13.5 %,4.94,5.74,5.77,-0.2
Junichi Tazawa,4079,MIA,NULL,3,5,0,55,0,55.1,6.18,3.58,1.3,0.28,64.9 %,35.6 %,11.6 %,5.69,4.96,5.3,-0.2
Logan Verrett,12905,BAL,NULL,2,0,0,4,0,10.2,7.59,2.53,2.53,0.267,84.8 %,36.7 %,20.0 %,4.22,6.53,5.38,-0.3
Edwin Jackson,1841,- - -,NULL,5,6,0,16,13,76,7.11,3.43,2.37,0.287,71.3 %,37.0 %,17.7 %,5.21,6.14,5.37,-0.3
Felix Pena,13403,CHC,NULL,1,0,0,25,0,34.1,9.7,4.72,2.1,0.3,77.6 %,34.7 %,16.0 %,5.24,5.78,5.34,-0.3
Hisashi Iwakuma,13048,SEA,NULL,0,2,0,6,6,31,4.65,3.48,2.03,0.22,80.1 %,40.8 %,16.7 %,4.35,6.42,5.89,-0.3
Nik Turley,5530,MIN,NULL,0,2,0,10,3,17.2,6.62,4.08,2.55,0.41,54.6 %,43.1 %,22.7 %,11.21,7.06,5.6,-0.3
James Shields,7059,CWS,NULL,5,7,0,21,21,117,7.92,4.08,2.08,0.27,74.5 %,38.2 %,17.4 %,5.23,5.83,5.19,-0.3
Erick Fedde,17425,WSH,NULL,0,1,0,3,3,15.1,8.8,4.7,2.93,0.426,66.7 %,61.7 %,50.0 %,9.39,7.2,4.12,-0.3
Justin Nicolino,11754,MIA,NULL,2,3,0,20,8,48,4.88,3.75,1.5,0.333,71.2 %,46.6 %,17.0 %,5.06,5.55,5.13,-0.3
Barrett Astin,14812,CIN,NULL,0,0,0,6,0,8,2.25,7.88,2.25,0.25,79.0 %,63.3 %,33.3 %,6.75,9.28,7.37,-0.3
Angel Sanchez,11776,PIT,NULL,1,0,0,8,0,12.1,7.3,0.73,3.65,0.289,50.0 %,41.9 %,29.4 %,8.76,7.05,4.23,-0.3
Carlos Torres,7624,MIL,NULL,4,4,1,67,0,72.2,6.94,4.09,1.24,0.309,77.0 %,45.7 %,13.2 %,4.21,4.89,4.96,-0.3
Dustin McGowan,8600,MIA,NULL,8,2,0,63,0,77.2,7.42,3.13,1.51,0.286,72.9 %,50.9 %,18.6 %,4.75,4.81,4.23,-0.3
Erik Goeddel,11712,NYM,NULL,0,1,0,33,0,29,10.24,3.41,2.48,0.286,79.1 %,42.9 %,25.0 %,5.28,5.61,3.98,-0.3
Rob Scahill,9286,MIL,NULL,1,3,0,18,0,22.1,4.03,4.03,1.21,0.254,67.1 %,54.1 %,15.0 %,4.43,5.75,5.6,-0.3
Michael Blazek,9654,MIL,NULL,0,1,0,5,1,8.2,7.27,1.04,6.23,0.261,87.0 %,25.0 %,40.0 %,8.31,10.89,4.97,-0.3
Felix Jorge,14532,MIN,NULL,1,0,0,2,2,7.2,4.7,2.35,4.7,0.385,67.3 %,26.7 %,26.7 %,10.57,9.68,6.38,-0.3
Joe Blanton,4849,WSH,NULL,2,4,0,51,0,44.1,7.92,2.64,2.03,0.326,71.7 %,33.3 %,15.9 %,5.68,5.28,4.87,-0.3
Zach Eflin,13774,PHI,NULL,1,5,0,11,11,64.1,4.9,1.68,2.24,0.297,69.3 %,44.1 %,18.8 %,6.16,6.1,5.21,-0.3
Casey Lawrence,11121,- - -,NULL,2,3,0,27,2,55.1,8.46,4.07,1.79,0.377,70.8 %,46.5 %,20.4 %,6.34,5.27,4.42,-0.3
Edward Mujica,3970,DET,NULL,0,0,0,5,0,6.1,9.95,0,5.68,0.368,74.1 %,30.4 %,44.4 %,9.95,9.16,3.47,-0.3
Myles Jaye,11769,DET,NULL,1,2,0,5,2,12.2,2.84,7.11,1.42,0.308,46.1 %,49.1 %,15.4 %,12.08,7.66,7.43,-0.3
Paolo Espino,8246,- - -,NULL,0,0,0,12,2,24,7.5,3.75,2.63,0.232,72.5 %,38.4 %,22.6 %,6,6.91,5.41,-0.3
Raul Alcantara,12790,OAK,NULL,1,2,0,8,4,24,4.5,4.5,1.88,0.224,53.3 %,48.8 %,19.2 %,7.13,6.74,5.96,-0.3
Chris Heston,10302,- - -,NULL,0,1,0,3,1,6,4.5,7.5,4.5,0.444,50.6 %,33.3 %,33.3 %,16.5,11.16,7.33,-0.3
Cody Reed,15232,CIN,NULL,1,1,1,12,1,17.2,8.66,9.68,1.53,0.2,73.6 %,60.5 %,27.3 %,5.09,6.67,5.57,-0.3
Jesen Therrien,15853,PHI,NULL,0,0,0,15,0,18.1,4.91,3.44,2.45,0.302,60.0 %,48.5 %,27.8 %,8.35,6.92,5.12,-0.3
Jordan Lyles,7593,- - -,NULL,1,5,0,38,5,69.2,7.11,2.84,2.07,0.352,61.2 %,49.4 %,21.1 %,7.75,5.68,4.64,-0.3
Mike Hauschild,14033,TEX,NULL,0,0,0,4,0,8,7.88,2.25,5.63,0.375,70.0 %,48.3 %,55.6 %,11.25,10.66,4.53,-0.3
Richard Rodriguez,13549,BAL,NULL,0,0,0,5,0,5.2,4.76,4.76,6.35,0.4,67.3 %,45.8 %,40.0 %,14.29,13.39,7.36,-0.3
Michael Ynoa,14093,CWS,NULL,1,0,0,22,0,29,7.14,6.83,1.24,0.276,66.8 %,35.2 %,9.8 %,5.9,6.16,6.88,-0.3
Troy Scribner,15570,LAA,NULL,2,1,0,10,4,23.2,6.85,3.8,2.66,0.161,78.1 %,24.6 %,17.1 %,4.18,7,6.24,-0.3
Rookie Davis,14962,CIN,NULL,1,3,0,7,6,24,7.5,5.25,2.63,0.383,64.8 %,42.9 %,22.6 %,8.63,7.16,5.66,-0.3
Mat Latos,3815,TOR,NULL,0,1,0,3,3,15,6,4.8,3,0.304,81.0 %,44.0 %,23.8 %,6.6,7.96,6.11,-0.3
Phil Maton,18064,SDN,NULL,3,2,1,46,0,43,9.63,2.93,2.09,0.284,78.6 %,45.3 %,26.3 %,4.19,5.09,3.64,-0.3
Matt Dermody,14844,TOR,NULL,2,0,0,23,0,22.1,6.04,2.01,2.42,0.254,78.7 %,34.2 %,16.7 %,4.43,6.25,5.62,-0.3
Chad Bell,10297,DET,NULL,0,3,0,28,4,62.1,8.23,4.48,1.73,0.363,67.2 %,45.0 %,17.4 %,6.93,5.47,4.93,-0.3
Kevin Quackenbush,12360,SDN,NULL,0,2,0,20,0,26.1,7.86,5.47,1.71,0.338,61.9 %,44.6 %,19.2 %,7.86,5.82,5.1,-0.3
Adam Kolarek,10843,TBA,NULL,1,0,0,12,0,8.1,4.32,4.32,2.16,0.269,77.5 %,55.6 %,33.3 %,6.48,8.2,6.36,-0.3
Chris Young,3196,KCA,NULL,0,0,0,14,2,30,6.6,4.2,2.1,0.385,67.1 %,40.5 %,17.9 %,7.5,6.22,5.5,-0.3
Ryne Stanek,15947,TBA,NULL,0,0,0,21,0,20,13.05,5.4,2.7,0.417,84.5 %,35.2 %,26.1 %,5.85,5.96,4.1,-0.3
Jeremy Jeffress,9490,- - -,NULL,5,2,0,61,1,65.1,7.03,4.68,1.38,0.318,77.9 %,59.1 %,20.8 %,4.68,5.24,4.56,-0.3
Warwick Saupold,13211,DET,NULL,3,2,0,45,0,62.2,6.32,4.45,1.29,0.289,73.5 %,43.1 %,12.5 %,4.88,5.39,5.57,-0.4
Jose Ramirez,10171,ATL,NULL,2,3,0,68,0,62,8.13,4.21,1.31,0.226,79.8 %,46.1 %,12.9 %,3.19,4.88,5,-0.4
Tommy Milone,7608,- - -,NULL,1,3,1,17,8,48.1,7.08,2.61,2.79,0.325,62.1 %,35.5 %,22.4 %,7.63,6.49,4.92,-0.4
Robby Scott,13042,BOS,NULL,2,1,0,57,0,35.2,7.82,3.28,1.77,0.172,78.0 %,42.6 %,17.9 %,3.79,5.32,4.71,-0.4
Ariel Hernandez,15603,CIN,NULL,0,0,0,19,0,24.1,10.73,8.14,2.22,0.157,79.7 %,42.9 %,25.0 %,5.18,6.69,5.24,-0.4
Tim Adleman,10968,CIN,NULL,5,11,0,30,20,122.1,7.95,3.75,2.13,0.282,72.7 %,34.4 %,17.4 %,5.52,5.87,5.22,-0.4
Brad Goldberg,14776,CWS,NULL,0,0,0,11,0,12,2.25,10.5,1.5,0.293,69.9 %,48.8 %,18.2 %,8.25,8.82,8.29,-0.4
Hansel Robles,11801,NYM,NULL,7,5,0,46,0,56.2,9.53,4.61,1.59,0.259,74.6 %,34.0 %,15.2 %,4.92,5.13,4.91,-0.4
Mike Bolsinger,11137,TOR,NULL,0,3,0,11,5,41.1,8.49,5.88,1.96,0.331,70.3 %,48.8 %,20.0 %,6.31,6.28,5.38,-0.4
Lisalverto Bonilla,11266,CIN,NULL,1,3,0,10,4,36.2,6.87,5.4,1.96,0.304,60.2 %,43.0 %,20.0 %,8.1,6.43,5.53,-0.4
Cory Mazzoni,12537,SDN,NULL,0,0,0,6,0,8,4.5,4.5,5.63,0.375,40.0 %,37.8 %,38.5 %,13.5,12.16,6.92,-0.4
Jason Motte,5861,ATL,NULL,1,0,0,46,0,40.2,5.98,4.43,1.33,0.2,82.2 %,45.2 %,13.0 %,3.54,5.44,5.54,-0.4
Jake Barrett,13322,ARI,NULL,1,1,0,28,0,27,8.67,5,2.33,0.274,74.5 %,37.5 %,20.6 %,5,6.27,5.14,-0.4
Joely Rodriguez,11487,PHI,NULL,1,2,0,26,0,27,6,5,1.33,0.355,59.5 %,58.5 %,18.2 %,6.33,5.86,5.38,-0.4
Justin Grimm,11720,CHC,NULL,1,2,1,50,0,55.1,9.6,4.39,1.95,0.263,70.5 %,43.1 %,22.2 %,5.53,5.36,4.28,-0.4
Josh Osich,11528,SFN,NULL,3,2,0,54,0,43.1,8.93,5.61,1.45,0.333,66.5 %,44.9 %,16.3 %,6.23,5.21,4.88,-0.4
Josh Collmenter,7312,ATL,NULL,0,2,0,11,0,17,9.53,3.18,3.71,0.393,63.5 %,32.8 %,22.6 %,9,7.45,5.34,-0.5
Jacob Turner,10185,WSH,NULL,2,3,0,18,2,39,5.31,3.46,1.85,0.285,75.3 %,43.4 %,16.3 %,5.08,5.88,5.44,-0.5
Ricardo Pinto,16318,PHI,NULL,1,2,0,25,0,29.2,7.58,5.16,2.12,0.33,61.4 %,44.0 %,20.0 %,7.89,6.36,5.39,-0.5
Aaron Bummer,16258,CWS,NULL,1,3,0,30,0,22,6.95,6.14,1.64,0.167,76.9 %,54.4 %,22.2 %,4.5,6.16,5.25,-0.5
Drew VerHagen,13424,DET,NULL,0,3,0,24,2,34.1,6.55,2.36,2.62,0.317,78.4 %,50.5 %,26.3 %,5.77,6.27,4.46,-0.5
Adam Wilk,8421,- - -,NULL,0,2,0,4,2,14,5.14,5.79,3.86,0.353,73.2 %,38.9 %,25.0 %,9,9.51,6.99,-0.5
Jose Valdez,14470,- - -,NULL,0,0,0,14,0,18,8.5,2.5,4,0.271,59.5 %,32.7 %,29.6 %,8.5,8.21,5.1,-0.5
Nick Tepesch,11716,- - -,NULL,1,2,0,4,4,15.2,5.17,5.17,3.45,0.302,74.2 %,36.8 %,23.1 %,5.17,9.29,7.26,-0.5
Vidal Nuno,9674,BAL,NULL,0,1,0,12,0,14.2,7.98,6.14,4.3,0.34,69.0 %,41.5 %,26.9 %,10.43,9.63,6.58,-0.5
Steven Wright,8185,BOS,NULL,1,3,0,5,5,24,4.88,1.88,3.38,0.365,66.9 %,41.5 %,27.3 %,8.25,7.82,5.4,-0.5
Jeanmar Gomez,9033,PHI,NULL,3,2,2,18,0,22.1,8.46,2.82,2.82,0.381,69.5 %,50.7 %,41.2 %,7.25,6.56,3.84,-0.5
Antonio Bastardo,8844,PIT,NULL,0,1,0,9,0,9,8,9,5,0.367,55.6 %,17.1 %,23.8 %,15,11.6,8.53,-0.5
Casey Fien,3926,- - -,NULL,0,1,0,10,0,12,7.5,4.5,3.75,0.439,54.6 %,44.4 %,35.7 %,12.75,8.41,5.07,-0.5
Tom Koehler,6570,- - -,NULL,1,7,0,27,13,72.2,7.68,4.33,1.98,0.313,68.2 %,40.2 %,18.8 %,6.69,6.05,5.27,-0.5
Brian Ellington,17233,MIA,NULL,1,1,0,42,0,44.2,9.67,7.05,1.41,0.333,63.1 %,35.4 %,11.7 %,7.25,5.8,6.15,-0.6
Travis Wood,9884,- - -,NULL,4,7,0,39,14,94,6.22,4.31,1.82,0.325,63.6 %,35.6 %,14.0 %,6.8,5.9,5.85,-0.6
Tyler Glasnow,14374,PIT,NULL,2,7,0,15,13,62,8.13,6.39,1.89,0.358,60.7 %,43.2 %,18.1 %,7.69,6.3,5.64,-0.6
Jason Grilli,521,- - -,NULL,2,5,1,46,0,40,10.8,4.05,2.7,0.324,72.6 %,26.7 %,22.2 %,6.3,6.08,4.58,-0.6
Neftali Feliz,18,- - -,NULL,2,5,8,49,0,46,7.24,4.5,1.76,0.246,60.3 %,32.6 %,15.0 %,5.48,5.66,5.43,-0.7
Junior Guerra,5702,MIL,NULL,1,4,0,21,14,70.1,8.57,5.5,2.3,0.236,77.3 %,33.5 %,20.9 %,5.12,6.58,5.43,-0.7
Miguel Diaz,18815,SDN,NULL,1,1,0,31,3,41.2,7.13,5.4,2.38,0.275,65.4 %,40.3 %,20.4 %,7.34,7.02,5.89,-0.7
Andrew Heaney,15423,LAA,NULL,1,2,0,5,5,21.2,11.22,3.74,4.98,0.283,99.0 %,30.2 %,40.0 %,7.06,9.11,4.37,-0.7
Frankie Montas,14309,OAK,NULL,1,1,0,23,0,32,10.13,5.63,2.81,0.349,77.1 %,35.5 %,26.3 %,7.03,7.13,5.18,-0.7
Bronson Arroyo,978,CIN,NULL,3,6,0,14,14,71,5.7,2.41,2.92,0.305,67.6 %,30.4 %,19.0 %,7.35,6.99,5.81,-0.8
Chris Flexen,13896,NYM,NULL,3,6,0,14,9,48,6.75,6.56,2.06,0.342,65.8 %,41.4 %,18.6 %,7.88,6.95,6.16,-0.8
Francisco Rodriguez,1642,DET,NULL,2,5,7,28,0,25.1,8.17,3.91,3.2,0.297,65.8 %,30.1 %,21.4 %,7.82,7.38,5.71,-0.8
David Holmberg,7725,CWS,NULL,2,4,0,37,7,57.2,5.15,5.31,1.87,0.273,76.6 %,42.9 %,15.2 %,4.68,6.8,6.53,-0.8
Sam Dyson,11710,- - -,NULL,4,10,14,55,0,54.2,5.6,4.94,1.32,0.319,66.4 %,63.0 %,21.1 %,6.09,5.63,4.96,-0.8
Chris Smith,4544,OAK,NULL,0,4,0,14,9,55.2,5.01,3.56,2.59,0.244,62.7 %,36.9 %,19.0 %,6.79,7.02,5.97,-0.9
Matt Harvey,11713,NYM,NULL,5,7,0,19,18,92.2,6.51,4.56,2.04,0.307,69.6 %,43.0 %,20.6 %,6.7,6.37,5.39,-0.9
Xavier Cedeno,36,TBA,NULL,1,1,0,9,0,3,0,12,9,0.286,88.2 %,56.3 %,100.0 %,12,20.16,8.94,-0.9
Chris Tillman,5279,BAL,NULL,1,7,0,24,19,93,6.1,4.94,2.32,0.334,64.2 %,39.5 %,20.0 %,7.84,6.93,5.87,-1
Jered Weaver,4235,SDN,NULL,0,5,0,9,9,42.1,4.89,2.55,3.4,0.257,58.3 %,40.7 %,28.6 %,7.44,8.12,5.56,-1
Derek Holland,4141,CWS,NULL,7,14,0,29,26,135,6.93,5,2.07,0.306,68.0 %,37.7 %,17.6 %,6.2,6.45,5.78,-1
Mike Pelfrey,5203,CWS,NULL,3,12,0,34,21,120,5.93,4.65,1.88,0.276,68.3 %,50.3 %,18.7 %,5.93,6.35,5.63,-1.1
Dylan Covey,14825,CWS,NULL,0,7,0,18,12,70,5.27,4.37,2.57,0.296,64.4 %,48.5 %,24.7 %,7.71,7.2,5.54,-1.2
Amir Garrett,14375,CIN,NULL,3,8,0,16,14,70.2,8.02,5.09,2.93,0.264,66.8 %,43.4 %,28.4 %,7.39,7.39,5.2,-1.2
Shawn Kelley,7773,WSH,NULL,3,2,4,33,0,26,8.65,3.81,4.15,0.236,82.6 %,26.2 %,24.0 %,7.27,8.62,6.04,-1.2
Chris Beck,13418,CWS,NULL,2,1,0,57,0,64.2,5.85,4.73,2.23,0.288,71.1 %,40.4 %,19.5 %,6.4,6.84,5.88,-1.2
